"OM_CENTRALIZADA_ID","OM_CENTRALIZADORA_ID","GESTORIA_ID","CONTATO","TELEFONE","CRIACAO","MODIFICACAO","TIPO_CENTRALIZACAO_ID","DATA_INICIO","DATA_FIM"
10389,10056,2,,,2002-01-01 00:00:00.000,2017-10-20 14:45:29.000,1,2004-01-01 00:00:00.000,2015-04-30 00:00:00.000
10396,10056,2,,,2002-01-01 00:00:00.000,2017-10-20 14:46:09.000,3,2004-01-01 00:00:00.000,2015-04-26 00:00:00.000
10124,10137,2,,,2002-01-01 00:00:00.000,2002-01-01 00:00:00.000,2,2004-01-01 00:00:00.000,
10148,10165,2,,,2002-01-01 00:00:00.000,2020-08-04 10:42:17.000,1,2004-01-01 00:00:00.000,2020-05-30 00:00:00.000
10293,10125,2,,,2002-01-01 00:00:00.000,2024-05-23 11:02:55.000,1,2004-01-01 00:00:00.000,2024-04-01 00:00:00.000
10128,10084,2,,,2002-01-01 00:00:00.000,2002-01-01 00:00:00.000,4,2004-01-01 00:00:00.000,
10303,10139,2,,,2002-01-01 00:00:00.000,2017-10-23 14:27:27.000,1,2004-01-01 00:00:00.000,2017-10-14 00:00:00.000
30040,30040,1,"1ºSG-ES MENDES","87122274",2002-01-01 00:00:00.000,2002-01-01 00:00:00.000,,2004-01-01 00:00:00.000,
10139,10317,1,SANTANA FERREIRA,"8126-5157",2002-01-01 00:00:00.000,2002-01-01 00:00:00.000,,2004-01-01 00:00:00.000,
10270,10120,2,,,2002-01-01 00:00:00.000,2002-01-01 00:00:00.000,1,2004-01-01 00:00:00.000,
10267,10267,1,SO-MR PAULO SÉRGIO,"2189-1473",2002-01-01 00:00:00.000,2011-09-20 12:03:44.000,,2004-01-01 00:00:00.000,
10218,10215,2,,,2011-09-30 14:46:53.000,2022-04-07 13:38:31.000,1,2011-10-01 00:00:00.000,
10022,10022,1,,"3233-6264",2002-01-01 00:00:00.000,2002-01-01 00:00:00.000,,2004-01-01 00:00:00.000,
10040,10077,2,,,2002-01-01 00:00:00.000,2002-01-01 00:00:00.000,1,2004-01-01 00:00:00.000,
10087,10371,1,,,2002-01-01 00:00:00.000,2002-01-01 00:00:00.000,,2004-01-01 00:00:00.000,
10239,10371,1,,,2002-01-01 00:00:00.000,2002-01-01 00:00:00.000,,2004-01-01 00:00:00.000,
10127,10371,1,,,2002-01-01 00:00:00.000,2002-01-01 00:00:00.000,,2004-01-01 00:00:00.000,
10095,10095,1,,"9221234516",2002-01-01 00:00:00.000,2002-01-01 00:00:00.000,,2004-01-01 00:00:00.000,
10052,10052,1,"3SG MT LOPES","2126-6260",2002-01-01 00:00:00.000,2021-09-28 14:55:34.000,,2004-01-01 00:00:00.000,
10137,10056,2, , ,2002-01-01 00:00:00.000,2002-01-01 00:00:00.000,4,2004-01-01 00:00:00.000,
10278,10077,2,,,2002-01-01 00:00:00.000,2002-01-01 00:00:00.000,1,2004-01-01 00:00:00.000,
10051,10032,2,,,2002-01-01 00:00:00.000,2002-01-01 00:00:00.000,1,2004-01-01 00:00:00.000,
10064,10032,2,,,2002-01-01 00:00:00.000,2002-01-01 00:00:00.000,1,2004-01-01 00:00:00.000,
10113,10032,2,,,2002-01-01 00:00:00.000,2002-01-01 00:00:00.000,1,2004-01-01 00:00:00.000,
10157,10032,2,,,2002-01-01 00:00:00.000,2002-01-01 00:00:00.000,1,2004-01-01 00:00:00.000,
10188,10032,2,,,2002-01-01 00:00:00.000,2022-03-09 15:23:19.000,1,2004-01-01 00:00:00.000,2014-09-01 00:00:00.000
10299,10032,2,,,2002-01-01 00:00:00.000,2022-03-09 15:50:27.000,1,2004-01-01 00:00:00.000,2014-09-01 00:00:00.000
10383,10032,2,,,2002-01-01 00:00:00.000,2002-01-01 00:00:00.000,1,2004-01-01 00:00:00.000,
10391,10032,2,,,2002-01-01 00:00:00.000,2002-01-01 00:00:00.000,1,2004-01-01 00:00:00.000,
10054,10077,2,,,2002-01-01 00:00:00.000,2002-01-01 00:00:00.000,1,2004-01-01 00:00:00.000,
10174,10077,2,,,2002-01-01 00:00:00.000,2002-01-01 00:00:00.000,1,2004-01-01 00:00:00.000,
10044,10340,2,,,2002-01-01 00:00:00.000,2023-07-04 15:39:39.000,4,2004-01-01 00:00:00.000,2023-05-31 00:00:00.000
10285,10077,2,,,2002-01-01 00:00:00.000,2002-01-01 00:00:00.000,1,2004-01-01 00:00:00.000,
10318,10077,2,,,2002-01-01 00:00:00.000,2002-01-01 00:00:00.000,1,2004-01-01 00:00:00.000,
10366,10077,2,,,2002-01-01 00:00:00.000,2002-01-01 00:00:00.000,1,2004-01-01 00:00:00.000,
10377,10077,2,,,2002-01-01 00:00:00.000,2002-01-01 00:00:00.000,1,2004-01-01 00:00:00.000,
10083,10141,2,,,2002-01-01 00:00:00.000,2002-01-01 00:00:00.000,1,2004-01-01 00:00:00.000,
10149,10141,2,,,2002-01-01 00:00:00.000,2002-01-01 00:00:00.000,1,2004-01-01 00:00:00.000,
10209,10141,2,,,2002-01-01 00:00:00.000,2002-01-01 00:00:00.000,1,2004-01-01 00:00:00.000,
10241,10141,2,,,2002-01-01 00:00:00.000,2002-01-01 00:00:00.000,1,2004-01-01 00:00:00.000,
10301,10141,2,,,2002-01-01 00:00:00.000,2002-01-01 00:00:00.000,1,2004-01-01 00:00:00.000,
10012,10322,2,,,2002-01-01 00:00:00.000,2002-01-01 00:00:00.000,1,2004-01-01 00:00:00.000,
10201,10322,2,,,2002-01-01 00:00:00.000,2002-01-01 00:00:00.000,1,2004-01-01 00:00:00.000,
10217,10322,2,,,2002-01-01 00:00:00.000,2002-01-01 00:00:00.000,1,2004-01-01 00:00:00.000,
10328,10322,2,,,2002-01-01 00:00:00.000,2002-01-01 00:00:00.000,1,2004-01-01 00:00:00.000,
10503,10032,2,,,2002-01-01 00:00:00.000,2002-01-01 00:00:00.000,1,2004-01-01 00:00:00.000,
10045,10340,2,,,2002-01-01 00:00:00.000,2023-07-04 15:39:46.000,1,2004-01-01 00:00:00.000,2023-05-31 00:00:00.000
10267,10340,2,,,2002-01-01 00:00:00.000,2023-07-04 15:40:01.000,4,2004-01-01 00:00:00.000,2023-05-31 00:00:00.000
10872,10324,2,,(21)2197-7548,2012-04-20 14:13:31.000,2016-02-17 14:27:44.000,4,2012-04-11 00:00:00.000,
10872,10056,2,,(21)2197-7548,2012-04-20 14:22:05.000,2017-10-20 14:14:58.000,3,2012-04-11 00:00:00.000,2015-04-19 00:00:00.000
10194,10340,2,,,2002-01-01 00:00:00.000,2023-07-04 15:39:52.000,1,2004-01-01 00:00:00.000,2023-05-31 00:00:00.000
10247,10340,2,,,2002-01-01 00:00:00.000,2023-07-04 15:55:24.000,1,2004-01-01 00:00:00.000,2023-05-31 00:00:00.000
10224,10340,2,,,2002-01-01 00:00:00.000,2023-07-04 15:40:22.000,1,2004-01-01 00:00:00.000,2023-05-31 00:00:00.000
10091,10340,2,,,2002-01-01 00:00:00.000,2023-07-04 15:40:09.000,1,2004-01-01 00:00:00.000,2023-05-31 00:00:00.000
10127,10371,2,,,2002-01-01 00:00:00.000,2015-07-14 11:27:13.000,1,2004-01-01 00:00:00.000,
10239,10371,2,,,2002-01-01 00:00:00.000,2022-03-25 15:24:05.000,4,2004-01-01 00:00:00.000,2021-03-09 00:00:00.000
10327,10371,2,,,2002-01-01 00:00:00.000,2002-01-01 00:00:00.000,1,2004-01-01 00:00:00.000,
10204,10176,2,,,2002-01-01 00:00:00.000,2002-01-01 00:00:00.000,1,2004-01-01 00:00:00.000,
10046,10126,2,,,2002-01-01 00:00:00.000,2002-01-01 00:00:00.000,1,2004-01-01 00:00:00.000,
10102,10140,2,,"8172-7455",2002-01-01 00:00:00.000,2016-09-14 10:27:03.000,4,2004-01-01 00:00:00.000,2016-08-01 00:00:00.000
10168,10168,1,,"3429-1600",2002-01-01 00:00:00.000,2002-01-01 00:00:00.000,,2004-01-01 00:00:00.000,
10208,10138,2,,,2009-03-23 17:10:52.000,2024-09-05 10:58:29.000,1,2009-04-01 00:00:00.000,2024-06-30 00:00:00.000
10175,10138,2,,,2009-03-23 17:10:56.000,2024-09-06 15:25:52.000,1,2009-04-01 00:00:00.000,2024-06-30 00:00:00.000
10074,10138,2,,,2009-03-23 17:11:01.000,2024-09-05 10:57:14.000,1,2009-04-01 00:00:00.000,2024-06-30 00:00:00.000
10363,10138,2,,,2009-03-23 17:11:05.000,2024-09-05 10:58:58.000,1,2009-04-01 00:00:00.000,2024-06-30 00:00:00.000
10214,10138,2,,,2009-03-23 17:11:08.000,2024-09-05 10:58:38.000,4,2009-04-01 00:00:00.000,2024-06-30 00:00:00.000
10036,10138,2,,,2009-03-23 17:11:12.000,2024-09-05 10:58:20.000,1,2009-04-01 00:00:00.000,2024-06-30 00:00:00.000
10093,10138,2,,,2009-03-23 17:11:15.000,2024-09-05 10:58:46.000,1,2009-04-01 00:00:00.000,2024-06-30 00:00:00.000
10347,10138,2,,,2009-03-23 17:11:19.000,2024-09-05 10:57:37.000,1,2009-04-01 00:00:00.000,2024-06-30 00:00:00.000
10243,10138,2,,,2009-03-23 17:11:22.000,2024-09-05 10:59:48.000,1,2009-04-01 00:00:00.000,2024-06-30 00:00:00.000
10309,10138,2,,,2009-03-23 17:11:26.000,2024-07-19 13:51:55.000,1,2009-04-01 00:00:00.000,2024-06-30 00:00:00.000
10194,10178,2,,,2009-03-23 17:18:57.000,2009-04-08 15:11:56.000,1,2009-04-01 00:00:00.000,
10245,10056,2,,,2002-01-01 00:00:00.000,2018-02-07 08:49:56.000,4,2004-01-01 00:00:00.000,2016-02-01 00:00:00.000
10407,10032,2,,,2009-04-01 00:00:00.000,2009-04-01 00:00:00.000,1,2009-04-01 00:00:00.000,
10185,10163,2,,,2002-01-01 00:00:00.000,2002-01-01 00:00:00.000,1,2004-01-01 00:00:00.000,
10255,10163,2,,,2002-01-01 00:00:00.000,2002-01-01 00:00:00.000,1,2004-01-01 00:00:00.000,
10315,10163,2,,,2002-01-01 00:00:00.000,2002-01-01 00:00:00.000,1,2004-01-01 00:00:00.000,
10078,10163,2,,,2002-01-01 00:00:00.000,2002-01-01 00:00:00.000,1,2004-01-01 00:00:00.000,
10187,10215,2,,,2009-04-28 15:39:44.000,2021-06-30 15:07:28.000,1,2009-05-01 00:00:00.000,
10303,10140,2,,,2002-01-01 00:00:00.000,2021-04-08 08:02:48.000,4,2004-01-01 00:00:00.000,2021-04-01 00:00:00.000
10028,10215,2,,,2009-04-28 15:39:53.000,2009-04-28 15:39:53.000,1,2009-05-01 00:00:00.000,
10118,10215,2,,,2009-04-28 15:39:58.000,2009-04-28 15:39:58.000,1,2009-05-01 00:00:00.000,
10501,10215,2,,,2009-04-28 15:40:03.000,2009-04-28 15:40:03.000,1,2009-05-01 00:00:00.000,
10385,10215,2,,,2009-04-28 15:40:06.000,2009-04-28 15:40:06.000,1,2009-05-01 00:00:00.000,
10290,10215,2,,,2009-04-28 15:40:10.000,2009-04-28 15:40:10.000,1,2009-05-01 00:00:00.000,
10306,10215,2,,,2009-04-28 15:40:15.000,2009-04-28 15:40:15.000,1,2009-05-01 00:00:00.000,
10102,10139,2,,,2002-01-01 00:00:00.000,2021-07-20 16:22:29.000,4,2004-01-01 00:00:00.000,2021-06-30 00:00:00.000
10336,10139,2,,,2002-01-01 00:00:00.000,2021-07-20 16:21:46.000,4,2004-01-01 00:00:00.000,2021-06-30 00:00:00.000
10088,10139,2,,,2002-01-01 00:00:00.000,2018-10-30 11:20:48.000,4,2004-01-01 00:00:00.000,2018-09-30 00:00:00.000
10274,10370,2,,,2002-01-01 00:00:00.000,2002-01-01 00:00:00.000,1,2004-01-01 00:00:00.000,
10270,10163,2,,,2002-01-01 00:00:00.000,2011-05-09 11:20:23.000,1,2004-01-01 00:00:00.000,2011-03-31 00:00:00.000
10117,10167,2,,,2009-07-23 18:49:50.000,2023-06-01 14:19:29.000,1,2009-08-01 00:00:00.000,2022-08-24 00:00:00.000
10117,10117,2,,,2009-07-23 18:49:54.000,2009-07-23 18:49:54.000,2,2009-08-01 00:00:00.000,
10023,10311,2,,,2009-07-23 18:49:59.000,2022-06-10 13:35:04.000,1,2009-08-01 00:00:00.000,2022-04-30 00:00:00.000
10253,10311,2,,,2009-07-23 18:50:03.000,2022-06-10 13:35:50.000,1,2009-08-01 00:00:00.000,2022-04-30 00:00:00.000
10330,10311,2,,,2009-07-23 18:50:07.000,2022-06-10 13:35:39.000,1,2009-08-01 00:00:00.000,2022-04-30 00:00:00.000
10336,10140,2,,,2010-06-16 15:17:15.000,2022-03-09 11:25:53.000,4,2004-01-01 00:00:00.000,2021-04-01 00:00:00.000
10105,10140,2,,,2010-06-16 15:17:19.000,2021-04-08 16:09:45.000,4,2004-01-01 00:00:00.000,2021-04-01 00:00:00.000
10158,10311,2,"2T CARVALHO","84114550",2010-07-09 12:06:27.000,2010-07-09 12:06:27.000,1,2010-07-01 00:00:00.000,2010-07-31 00:00:00.000
10111,10236,2,,,2010-08-03 09:27:04.000,2010-08-03 09:27:04.000,1,2009-12-01 00:00:00.000,2010-08-02 00:00:00.000
10506,10319,2,,,2010-08-12 13:47:01.000,2010-08-26 10:17:24.000,1,2010-08-01 00:00:00.000,
10092,10129,2,"1ºTEN RAFAEL PEIXOTO","6732341160",2010-10-15 17:29:27.000,2010-10-15 17:29:27.000,1,2010-10-01 00:00:00.000,
10025,10311,2,,,2009-08-14 18:04:03.000,2022-06-10 13:35:15.000,4,2009-08-01 00:00:00.000,2022-04-30 00:00:00.000
10302,10311,2,,,2009-08-14 18:04:06.000,2022-03-09 14:05:52.000,4,2009-08-01 00:00:00.000,2022-03-09 00:00:00.000
10233,10311,2,,,2009-09-03 13:11:00.000,2009-09-03 13:11:00.000,1,2009-07-01 00:00:00.000,2009-07-31 00:00:00.000
10333,10333,2,,,2009-11-24 16:45:18.000,2009-11-24 16:45:18.000,2,2009-12-01 00:00:00.000,
10167,10311,2,,,2010-05-04 08:42:00.000,2022-06-10 13:34:46.000,4,2010-04-19 00:00:00.000,2022-04-30 00:00:00.000
10117,10311,2,,,2010-05-04 08:43:47.000,2022-03-09 14:05:17.000,4,2010-05-04 00:00:00.000,2022-03-09 00:00:00.000
10066,10129,2,,"6732341052",2011-06-13 14:44:44.000,2013-12-04 15:59:47.000,1,2011-06-01 00:00:00.000,2013-11-30 00:00:00.000
10066,10098,2,,,2002-01-01 00:00:00.000,2014-06-10 10:49:46.000,1,2013-12-01 00:00:00.000,2014-05-31 00:00:00.000
10190,10190,2,,,2002-01-01 00:00:00.000,2002-01-01 00:00:00.000,1,2009-01-01 00:00:00.000,
10125,10125,2,,,2002-01-01 00:00:00.000,2002-01-01 00:00:00.000,1,2010-08-01 00:00:00.000,
10319,10319,2,,,2002-01-01 00:00:00.000,2002-01-01 00:00:00.000,1,2010-08-01 00:00:00.000,
10371,10371,1,,,2002-01-01 00:00:00.000,2021-09-01 12:43:10.000,1,2004-01-01 00:00:00.000,
10311,10311,2,,,2002-01-01 00:00:00.000,2022-06-10 13:35:28.000,1,2004-01-01 00:00:00.000,2022-04-30 00:00:00.000
10138,10138,2,,,2002-01-01 00:00:00.000,2024-09-05 10:58:01.000,1,2004-01-01 00:00:00.000,2024-06-30 00:00:00.000
10505,10505,2,,,2002-01-01 00:00:00.000,2002-01-01 00:00:00.000,1,2004-01-01 00:00:00.000,
10129,10129,2,,,2002-01-01 00:00:00.000,2002-01-01 00:00:00.000,1,2004-01-01 00:00:00.000,
11433,10215,2,,(0 XX 21) 2104-5344 Retelma: 8110-5344,2014-01-13 14:54:09.000,2014-01-13 14:54:09.000,1,2014-01-01 00:00:00.000,
10215,10215,2,,,2002-01-01 00:00:00.000,2002-01-01 00:00:00.000,1,2004-01-01 00:00:00.000,
10126,10126,2,,,2014-04-14 13:25:04.000,2014-04-14 13:25:04.000,1,2004-01-01 00:00:00.000,
11693,10140,2,,"8910-4321",2014-05-13 16:30:47.000,2022-03-10 08:07:18.000,4,2014-05-01 00:00:00.000,2021-05-01 00:00:00.000
11833,11813,2,,,2014-07-21 13:50:12.000,2014-07-21 13:50:12.000,1,2014-07-01 00:00:00.000,
10140,10140,2,,,2013-12-04 11:25:26.000,2023-07-12 10:54:06.000,1,2004-01-01 00:00:00.000,2023-05-31 00:00:00.000
10052,10052,2,,,2002-01-01 00:00:00.000,2002-01-01 00:00:00.000,1,2004-01-01 00:00:00.000,
10329,10329,2,,,2002-01-01 00:00:00.000,2025-06-24 10:28:40.000,1,2009-01-01 00:00:00.000,2025-05-31 00:00:00.000
10032,10032,2,,,2002-01-01 00:00:00.000,2002-01-01 00:00:00.000,1,2004-01-01 00:00:00.000,
10178,10178,2,,,2002-01-01 00:00:00.000,2002-01-01 00:00:00.000,1,2004-01-01 00:00:00.000,
10370,10370,2,,,2002-01-01 00:00:00.000,2002-01-01 00:00:00.000,1,2004-01-01 00:00:00.000,
10288,10288,2,,,2014-02-14 10:45:37.000,2014-02-14 10:45:37.000,1,2004-11-01 00:00:00.000,
10154,10154,2,,,2014-04-08 15:40:14.000,2023-05-25 13:22:00.000,1,2009-06-01 00:00:00.000,2023-04-30 00:00:00.000
11853,11853,2,,,2014-07-21 13:58:33.000,2014-07-21 13:58:33.000,1,2014-07-01 00:00:00.000,
10324,10324,2,,,2002-01-01 00:00:00.000,2002-01-01 00:00:00.000,1,2004-01-01 00:00:00.000,
10139,10139,2,,,2002-01-01 00:00:00.000,2021-08-24 09:30:13.000,1,2004-01-01 00:00:00.000,2021-09-01 00:00:00.000
10322,10322,2,,,2002-01-01 00:00:00.000,2002-01-01 00:00:00.000,1,2004-01-01 00:00:00.000,
10340,10340,2,,,2002-01-01 00:00:00.000,2023-07-06 10:40:47.000,1,2004-01-01 00:00:00.000,2023-05-31 00:00:00.000
10077,10077,2,,,2002-01-01 00:00:00.000,2002-01-01 00:00:00.000,1,2004-01-01 00:00:00.000,
10006,10006,2,,,2002-01-01 00:00:00.000,2002-01-01 00:00:00.000,1,2004-01-01 00:00:00.000,
10163,10163,2,,,2002-01-01 00:00:00.000,2002-01-01 00:00:00.000,1,2004-01-01 00:00:00.000,
30040,30040,2,,,2002-01-01 00:00:00.000,2002-01-01 00:00:00.000,1,2004-01-01 00:00:00.000,
10210,10210,2,,,2002-01-01 00:00:00.000,2002-01-01 00:00:00.000,1,2004-01-01 00:00:00.000,
10167,10167,2,,,2002-01-01 00:00:00.000,2002-01-01 00:00:00.000,1,2004-01-01 00:00:00.000,
10056,10056,2,,,2002-01-01 00:00:00.000,2002-01-01 00:00:00.000,1,2004-01-01 00:00:00.000,
10141,10141,2,"2126-5294",,2002-01-01 00:00:00.000,2017-01-19 14:46:32.000,1,2004-01-01 00:00:00.000,
10084,10084,2,,,2002-01-01 00:00:00.000,2002-01-01 00:00:00.000,1,2004-01-01 00:00:00.000,
10098,10098,2,,"6732341047",2002-01-01 00:00:00.000,2015-06-17 17:17:40.000,3,2004-01-01 00:00:00.000,2015-05-31 00:00:00.000
11675,11675,2,,,2014-03-14 10:13:51.000,2014-03-14 10:13:51.000,1,2014-03-01 00:00:00.000,
11693,10215,2,,,2014-05-14 10:48:53.000,2021-08-19 17:53:19.000,4,2014-05-01 00:00:00.000,2020-12-31 00:00:00.000
10066,10129,2,,,2014-06-10 10:51:02.000,2014-06-10 10:51:02.000,1,2014-06-01 00:00:00.000,
10007,10129,2,,,2014-06-10 10:54:02.000,2014-06-10 10:54:02.000,1,2014-06-01 00:00:00.000,
10049,10324,2,,,2014-02-13 10:32:53.000,2016-02-17 14:27:22.000,4,2014-02-01 00:00:00.000,
10049,10056,2,,,2014-02-13 10:33:19.000,2017-10-20 13:59:37.000,3,2014-02-01 00:00:00.000,2015-04-30 00:00:00.000
10672,10505,2,,"8812-8363",2011-06-16 14:50:35.000,2021-08-09 14:21:51.000,4,2011-07-01 00:00:00.000,
10308,10308,2,,"(0XX13) 3223-5632 Retelma: 8850-1001, 8850-1002",2012-05-10 13:17:13.000,2023-06-20 15:36:38.000,1,2012-05-01 00:00:00.000,2014-12-31 00:00:00.000
10300,10288,2,,,2009-05-26 18:35:25.000,2009-05-26 18:35:25.000,1,2009-06-01 00:00:00.000,
10164,10154,2,,,2009-05-26 18:35:31.000,2023-05-25 13:32:59.000,1,2009-06-01 00:00:00.000,2023-04-30 00:00:00.000
10365,10154,2,,,2009-05-26 18:35:35.000,2023-05-25 13:29:21.000,1,2009-06-01 00:00:00.000,2023-04-30 00:00:00.000
10405,10154,2,,,2009-05-26 18:35:38.000,2023-05-26 14:02:17.000,1,2009-06-01 00:00:00.000,2023-04-30 00:00:00.000
10211,10154,2,,,2009-05-26 18:35:41.000,2023-05-26 16:24:31.000,1,2009-06-01 00:00:00.000,2023-04-30 00:00:00.000
10031,10154,2,,,2009-05-26 18:35:44.000,2023-05-25 13:24:50.000,1,2009-06-01 00:00:00.000,2023-04-30 00:00:00.000
10409,30040,2,,,2009-08-26 14:36:33.000,2022-11-07 16:30:59.000,1,2010-03-01 00:00:00.000,2021-05-25 00:00:00.000
10096,30040,2,,,2009-08-26 14:36:41.000,2010-04-14 13:35:48.000,3,2009-09-01 00:00:00.000,2010-03-31 00:00:00.000
10096,10096,2,,,2009-08-26 14:36:46.000,2010-04-14 13:38:27.000,2,2009-09-01 00:00:00.000,2010-03-31 00:00:00.000
10258,10329,2,,,2009-08-26 14:36:51.000,2025-06-24 10:24:37.000,1,2009-09-01 00:00:00.000,2025-05-31 00:00:00.000
10161,10329,2,,,2009-08-26 14:36:55.000,2025-06-24 10:21:29.000,1,2009-09-01 00:00:00.000,2025-05-31 00:00:00.000
10246,10329,2,,,2009-08-26 14:36:58.000,2025-06-24 10:23:38.000,1,2009-09-01 00:00:00.000,2025-05-31 00:00:00.000
10218,10140,2,,,2011-09-30 16:03:01.000,2023-07-12 10:54:20.000,1,2011-10-01 00:00:00.000,2023-05-31 00:00:00.000
10200,10324,2,,,2011-09-22 10:26:24.000,2011-09-26 15:41:47.000,4,2011-10-01 00:00:00.000,
10317,10324,2,,,2011-09-22 10:26:27.000,2011-09-26 15:44:22.000,4,2011-10-01 00:00:00.000,
10296,10324,2,,,2011-09-22 10:26:31.000,2011-09-26 15:43:08.000,4,2011-10-01 00:00:00.000,
10152,10079,2,,,2009-06-25 14:13:22.000,2009-06-25 14:13:22.000,1,2009-07-01 00:00:00.000,
10221,10079,2,,,2009-06-25 14:13:25.000,2009-06-25 14:13:25.000,1,2009-07-01 00:00:00.000,
10289,10079,2,,,2009-06-25 14:13:28.000,2009-06-25 14:13:28.000,1,2009-07-01 00:00:00.000,
10092,10098,2,,,2009-09-23 14:06:40.000,2010-11-11 11:10:20.000,1,2009-10-01 00:00:00.000,2010-09-30 00:00:00.000
10066,10098,2,,,2009-09-23 14:06:43.000,2011-06-06 18:26:58.000,1,2009-10-01 00:00:00.000,2011-05-31 00:00:00.000
10007,10098,2,"3º SG-BANDEIRA","3234-1053",2009-09-23 14:06:46.000,2014-06-10 10:53:44.000,1,2009-10-01 00:00:00.000,2014-05-31 00:00:00.000
10015,10129,2,,,2009-09-23 14:06:50.000,2009-09-23 14:06:50.000,1,2009-10-01 00:00:00.000,
10160,10129,2,,,2009-09-23 14:06:53.000,2009-09-23 14:06:53.000,1,2009-10-01 00:00:00.000,
10155,10129,2,,,2009-09-23 14:06:56.000,2009-09-23 14:06:56.000,1,2009-10-01 00:00:00.000,
10345,10129,2,,,2009-09-23 14:06:59.000,2009-09-23 14:06:59.000,1,2009-10-01 00:00:00.000,
10181,10129,2,,,2009-09-23 14:07:03.000,2009-09-23 14:07:03.000,1,2009-10-01 00:00:00.000,
10321,10190,2,,,2009-10-28 12:53:38.000,2009-10-28 12:53:38.000,1,2009-11-01 00:00:00.000,
10240,10210,2,,,2009-11-24 11:45:20.000,2009-11-24 11:45:20.000,1,2009-12-01 00:00:00.000,
10022,10370,2,,,2009-11-24 11:45:24.000,2009-11-24 11:45:24.000,1,2009-12-01 00:00:00.000,
10114,10014,2,,,2009-11-24 11:45:31.000,2009-11-24 11:45:31.000,1,2009-12-01 00:00:00.000,
10183,10014,2,,,2009-11-24 11:45:34.000,2009-11-24 11:45:34.000,1,2009-12-01 00:00:00.000,
10111,10111,2,,,2009-11-24 11:45:38.000,2010-08-03 09:26:51.000,1,2010-08-03 00:00:00.000,
30040,10329,2,,,2010-04-01 09:43:09.000,2025-06-26 09:36:53.000,4,2010-03-01 00:00:00.000,2025-05-31 00:00:00.000
10409,10329,2,,,2010-04-01 09:44:14.000,2013-08-01 11:10:55.000,3,2010-03-01 00:00:00.000,2013-06-30 00:00:00.000
10096,30040,2,,,2010-04-14 13:36:12.000,2010-04-14 13:36:12.000,1,2010-04-01 00:00:00.000,
10611,10163,2,,(21) 2622-5577,2011-03-31 14:53:57.000,2011-05-09 11:26:58.000,1,2004-01-01 00:00:00.000,
10200,10056,2,,,2011-09-22 09:18:08.000,2017-10-20 14:10:21.000,3,2011-10-01 00:00:00.000,2015-04-19 00:00:00.000
10317,10056,2,,,2011-09-22 09:36:54.000,2017-10-20 14:18:19.000,3,2011-10-01 00:00:00.000,2015-04-19 00:00:00.000
10296,10056,2,,,2011-09-22 09:39:57.000,2017-10-20 14:12:09.000,3,2011-10-01 00:00:00.000,2015-04-19 00:00:00.000
10324,10056,2,,,2011-09-22 09:43:32.000,2017-10-20 14:13:33.000,3,2011-10-01 00:00:00.000,2015-04-19 00:00:00.000
10890,10215,2,,,2012-04-27 13:22:10.000,2020-04-08 15:50:02.000,1,2012-05-01 00:00:00.000,2017-09-30 00:00:00.000
10000,10000,2,,,2013-06-19 09:24:11.000,2013-06-19 09:24:11.000,1,2002-01-01 00:00:00.000,
10035,10035,2,,(0 XX 45) 3523-5626,2013-06-18 10:25:33.000,2013-06-18 13:34:09.000,1,2002-01-01 00:00:00.000,
10070,10070,2,,,2013-06-19 09:27:04.000,2013-06-19 09:27:04.000,1,2002-01-01 00:00:00.000,
10001,10001,2,,,2013-06-19 09:29:28.000,2023-06-05 14:31:59.000,1,2002-01-01 00:00:00.000,2022-10-01 00:00:00.000
10076,10076,2,,,2013-06-19 09:51:57.000,2013-06-19 09:51:57.000,1,2002-01-01 00:00:00.000,
10085,10085,2,,,2013-06-19 09:52:59.000,2013-06-19 09:52:59.000,1,2002-01-01 00:00:00.000,
10086,10086,2,,,2013-06-19 09:53:00.000,2013-06-19 09:53:00.000,1,2002-01-01 00:00:00.000,
10094,10094,2,,,2013-06-19 09:53:01.000,2013-06-19 09:53:01.000,1,2002-01-01 00:00:00.000,
10107,10107,2,,,2013-06-19 09:53:03.000,2013-06-19 09:53:03.000,1,2002-01-01 00:00:00.000,
10110,10110,2,,,2013-06-19 09:53:04.000,2013-06-19 09:53:04.000,1,2002-01-01 00:00:00.000,
10112,10112,2,,,2013-06-19 09:53:06.000,2013-06-19 09:53:06.000,1,2002-01-01 00:00:00.000,
10115,10115,2,,,2013-06-19 09:53:08.000,2013-06-19 09:53:08.000,1,2002-01-01 00:00:00.000,
10133,10133,2,,,2013-06-19 09:54:41.000,2013-06-19 09:54:41.000,1,2002-01-01 00:00:00.000,
10147,10147,2,,,2013-06-19 09:54:42.000,2013-06-19 09:54:42.000,1,2002-01-01 00:00:00.000,
10159,10159,2,,,2013-06-19 09:54:45.000,2013-06-19 09:54:45.000,1,2002-01-01 00:00:00.000,
10177,10177,2,,,2013-06-19 09:54:46.000,2013-06-19 09:54:46.000,1,2002-01-01 00:00:00.000,
10182,10182,2,,,2013-06-19 09:54:48.000,2013-06-19 09:54:48.000,1,2002-01-01 00:00:00.000,
10212,10212,2,,,2013-06-19 09:54:50.000,2013-06-19 09:54:50.000,1,2002-01-01 00:00:00.000,
10220,10220,2,,,2013-06-19 09:54:51.000,2013-06-19 09:54:51.000,1,2002-01-01 00:00:00.000,
10228,10228,2,,,2013-06-19 09:57:35.000,2013-06-19 09:57:35.000,1,2002-01-01 00:00:00.000,
10251,10251,2,,,2013-06-19 09:57:36.000,2013-06-19 09:57:36.000,1,2002-01-01 00:00:00.000,
10257,10257,2,,,2013-06-19 09:57:37.000,2013-06-19 09:57:37.000,1,2002-01-01 00:00:00.000,
10260,10260,2,,,2013-06-19 09:57:39.000,2013-06-19 09:57:39.000,1,2002-01-01 00:00:00.000,
10261,10261,2,,,2013-06-19 09:57:40.000,2013-06-19 09:57:40.000,1,2002-01-01 00:00:00.000,
10275,10275,2,,,2013-06-19 09:57:42.000,2013-06-19 09:57:42.000,1,2002-01-01 00:00:00.000,
10276,10276,2,,,2013-06-19 09:57:43.000,2013-06-19 09:57:43.000,1,2002-01-01 00:00:00.000,
10291,10291,2,,,2013-06-19 09:59:01.000,2013-06-19 09:59:01.000,1,2002-01-01 00:00:00.000,
10294,10294,2,,,2013-06-19 09:59:03.000,2013-06-19 09:59:03.000,1,2002-01-01 00:00:00.000,
10295,10295,2,,,2013-06-19 09:59:04.000,2013-06-19 09:59:04.000,1,2002-01-01 00:00:00.000,
10344,10344,2,,,2013-06-19 09:59:06.000,2013-06-19 09:59:06.000,1,2002-01-01 00:00:00.000,
10368,10368,2,,,2013-06-19 09:59:07.000,2013-06-19 09:59:07.000,1,2002-01-01 00:00:00.000,
10378,10378,2,,,2013-06-19 09:59:10.000,2023-10-03 13:17:42.000,1,2002-01-01 00:00:00.000,
10393,10393,2,,,2013-06-19 09:59:11.000,2021-12-02 11:28:46.000,1,2002-01-01 00:00:00.000,2021-09-30 00:00:00.000
10395,10395,2,,,2013-06-19 10:00:05.000,2013-06-19 10:00:05.000,1,2002-01-01 00:00:00.000,
10399,10399,2,,,2013-06-19 10:00:06.000,2013-06-19 10:00:06.000,1,2002-01-01 00:00:00.000,
10570,10570,2,,,2013-06-19 10:00:08.000,2013-06-19 10:00:08.000,1,2002-01-01 00:00:00.000,
10029,10029,2,,,2013-06-19 10:09:26.000,2013-06-19 10:09:26.000,1,2002-01-01 00:00:00.000,
10065,10065,2,,,2013-07-04 11:34:48.000,2013-07-04 11:34:48.000,1,2002-02-01 00:00:00.000,
10059,10059,2,,,2013-07-04 11:53:07.000,2013-07-04 11:53:07.000,1,2002-02-01 00:00:00.000,
10016,10016,2,,,2013-07-08 09:21:19.000,2013-07-08 09:21:19.000,1,2002-02-01 00:00:00.000,
10058,10058,2,,,2013-07-08 09:44:55.000,2013-07-08 09:44:55.000,1,2002-02-01 00:00:00.000,
10025,10025,2,,,2013-07-16 10:43:01.000,2013-07-16 10:43:01.000,1,2002-01-01 00:00:00.000,
10380,10380,2,,,2012-08-09 11:01:21.000,2012-08-09 11:01:21.000,1,2002-01-01 00:00:00.000,
10041,10041,2,,,2013-06-18 13:42:52.000,2013-06-18 13:42:52.000,1,2002-01-01 00:00:00.000,
10369,10340,2,,"(0 XX 21) 2189-1420, Retelma: 8116-1481",2013-02-05 14:51:21.000,2023-07-04 15:40:14.000,1,2013-01-31 00:00:00.000,2023-05-31 00:00:00.000
10324,10032,2,,,2013-05-27 13:42:31.000,2013-05-27 13:42:31.000,4,2013-01-02 00:00:00.000,
10187,10187,2,,"3429-1978",2013-06-18 13:34:46.000,2013-06-18 13:34:46.000,2,2009-05-01 00:00:00.000,
10236,10236,2,,,2013-06-20 10:33:19.000,2013-06-20 10:33:19.000,1,2002-01-01 00:00:00.000,
10137,10137,2,,,2013-06-27 09:46:23.000,2013-06-27 09:46:23.000,1,2002-02-01 00:00:00.000,
10409,30040,2,,,2013-08-01 11:09:37.000,2013-08-01 11:09:37.000,1,2013-07-01 00:00:00.000,
11012,10006,2,,(021) 2394-2602,2012-11-07 11:17:39.000,2012-11-07 11:17:39.000,1,2012-10-01 00:00:00.000,
10014,10014,2,,,2013-06-18 14:16:08.000,2013-06-18 14:16:08.000,1,2009-12-01 00:00:00.000,
10170,10170,2,,,2013-06-18 14:26:12.000,2013-06-18 14:26:12.000,1,2002-01-01 00:00:00.000,
10004,10004,2,,,2013-06-18 16:12:38.000,2013-06-18 16:12:38.000,1,2002-01-01 00:00:00.000,
10044,10044,2,,,2013-06-24 10:07:38.000,2013-06-24 10:07:38.000,1,2002-02-01 00:00:00.000,
10302,10302,2,,,2013-06-24 10:53:20.000,2013-06-24 10:53:20.000,1,2002-02-01 00:00:00.000,
10050,10050,2,,,2013-06-26 10:07:04.000,2013-06-26 10:07:04.000,1,2002-02-01 00:00:00.000,
10069,10069,2,,,2013-07-01 13:26:22.000,2013-07-01 13:26:22.000,1,2002-02-01 00:00:00.000,
10245,10245,2,,,2013-07-02 10:49:17.000,2013-07-02 10:49:17.000,1,2002-02-01 00:00:00.000,
10010,10010,2,,,2013-07-08 10:39:03.000,2013-07-08 10:39:03.000,1,2002-02-01 00:00:00.000,
10250,10250,2,,,2013-07-08 10:56:41.000,2013-07-08 10:56:41.000,4,2002-02-01 00:00:00.000,
10168,10168,2,,,2013-07-08 11:10:23.000,2013-07-08 11:10:23.000,1,2002-02-01 00:00:00.000,
10037,10037,2,"2ºSG-AR 95.1135.09 SIDNEY","8633212770",2013-07-08 11:16:27.000,2023-06-05 14:35:26.000,1,2002-02-01 00:00:00.000,2022-10-01 00:00:00.000
10396,10396,2,,,2013-07-12 14:06:14.000,2013-07-12 14:06:14.000,4,2002-02-01 00:00:00.000,
10382,10382,2,,,2013-06-18 17:46:01.000,2013-06-18 17:46:01.000,1,2002-01-01 00:00:00.000,
10354,10354,2,,,2013-06-18 17:48:19.000,2013-06-18 17:48:19.000,1,2002-01-01 00:00:00.000,
10304,10304,2,,,2013-07-10 09:11:28.000,2013-07-10 09:11:28.000,4,2002-02-01 00:00:00.000,
10289,10289,1,,"3201-0477",2002-01-01 00:00:00.000,2002-01-01 00:00:00.000,,2004-01-01 00:00:00.000,
10336,10336,1,,"2178-6516",2002-01-01 00:00:00.000,2002-01-01 00:00:00.000,,2004-01-01 00:00:00.000,
10028,10056,2,,,2002-01-01 00:00:00.000,2025-02-07 07:47:08.000,4,2004-01-01 00:00:00.000,2024-12-31 00:00:00.000
10270,10052,2,,,2002-01-01 00:00:00.000,2002-01-01 00:00:00.000,1,2004-01-01 00:00:00.000,
10105,10056,2,,,2002-01-01 00:00:00.000,2017-10-20 14:27:25.000,4,2004-01-01 00:00:00.000,2015-04-30 00:00:00.000
10010,10056,2,,,2002-01-01 00:00:00.000,2017-10-20 14:19:41.000,3,2004-01-01 00:00:00.000,2015-04-30 00:00:00.000
10018,10056,2,,,2002-01-01 00:00:00.000,2017-10-20 14:20:58.000,1,2004-01-01 00:00:00.000,2015-04-26 00:00:00.000
10280,10125,2,,,2002-01-01 00:00:00.000,2024-05-23 11:06:01.000,1,2004-01-01 00:00:00.000,2024-04-01 00:00:00.000
10033,10056,2,,,2002-01-01 00:00:00.000,2017-10-20 14:21:40.000,1,2004-01-01 00:00:00.000,2015-04-30 00:00:00.000
10049,10056,2,,,2002-01-01 00:00:00.000,2014-02-13 10:31:31.000,1,2004-01-01 00:00:00.000,2014-01-31 00:00:00.000
10053,10056,2,,,2002-01-01 00:00:00.000,2017-10-20 14:22:36.000,1,2004-01-01 00:00:00.000,2015-04-26 00:00:00.000
10055,10056,2,,,2002-01-01 00:00:00.000,2017-10-20 14:23:57.000,1,2004-01-01 00:00:00.000,2015-04-19 00:00:00.000
10084,10056,2,,,2002-01-01 00:00:00.000,2017-10-20 14:25:03.000,3,2004-01-01 00:00:00.000,2015-04-30 00:00:00.000
10089,10056,2,,,2002-01-01 00:00:00.000,2017-10-20 14:26:28.000,1,2004-01-01 00:00:00.000,2015-04-30 00:00:00.000
10106,10056,2,,,2002-01-01 00:00:00.000,2017-10-20 14:29:12.000,1,2004-01-01 00:00:00.000,2015-04-30 00:00:00.000
10508,10032,2,,,2010-10-25 13:43:01.000,2010-11-23 14:16:13.000,1,2010-09-01 00:00:00.000,
10128,10056,2,,,2002-01-01 00:00:00.000,2017-10-20 14:30:16.000,4,2004-01-01 00:00:00.000,2015-04-26 00:00:00.000
10144,10056,2,,,2002-01-01 00:00:00.000,2017-10-20 14:31:11.000,1,2004-01-01 00:00:00.000,2015-04-30 00:00:00.000
10148,10056,2,,,2002-01-01 00:00:00.000,2017-10-20 14:31:52.000,1,2004-01-01 00:00:00.000,2015-04-30 00:00:00.000
10179,10056,2,,,2002-01-01 00:00:00.000,2017-10-20 14:36:58.000,1,2004-01-01 00:00:00.000,2015-04-26 00:00:00.000
10200,10056,2,,,2002-01-01 00:00:00.000,2011-09-22 09:17:10.000,1,2004-01-01 00:00:00.000,2011-09-30 00:00:00.000
10242,10056,2,,,2002-01-01 00:00:00.000,2017-10-20 14:38:15.000,1,2004-01-01 00:00:00.000,2015-04-30 00:00:00.000
10250,10056,2,,,2002-01-01 00:00:00.000,2017-10-20 14:42:15.000,3,2004-01-01 00:00:00.000,2015-04-26 00:00:00.000
10272,10056,2,,,2002-01-01 00:00:00.000,2002-01-01 00:00:00.000,1,2004-01-01 00:00:00.000,
10296,10056,2,,,2002-01-01 00:00:00.000,2011-09-22 09:38:26.000,1,2004-01-01 00:00:00.000,2011-09-30 00:00:00.000
10303,10056,2,,,2002-01-01 00:00:00.000,2017-10-20 14:04:06.000,1,2004-01-01 00:00:00.000,2015-04-30 00:00:00.000
10304,10056,2,,,2002-01-01 00:00:00.000,2016-03-03 10:28:00.000,3,2004-01-01 00:00:00.000,2016-02-01 00:00:00.000
10312,10056,2,,,2002-01-01 00:00:00.000,2017-10-20 14:44:03.000,1,2004-01-01 00:00:00.000,2015-04-26 00:00:00.000
10316,10056,2,,,2002-01-01 00:00:00.000,2002-01-01 00:00:00.000,1,2004-01-01 00:00:00.000,
10317,10056,2,,,2002-01-01 00:00:00.000,2011-09-22 09:35:35.000,1,2004-01-01 00:00:00.000,2011-09-30 00:00:00.000
10324,10056,2,,,2002-01-01 00:00:00.000,2011-09-22 09:42:54.000,1,2004-01-01 00:00:00.000,2011-09-30 00:00:00.000
10222,10125,2,,,2002-01-01 00:00:00.000,2024-05-23 11:04:04.000,1,2004-01-01 00:00:00.000,2024-04-01 00:00:00.000
10333,10056,2,,,2002-01-01 00:00:00.000,2017-10-20 14:44:42.000,4,2004-01-01 00:00:00.000,2015-04-19 00:00:00.000
11813,11813,2,,,2014-07-25 19:47:08.000,2014-07-25 19:47:08.000,1,2014-07-01 00:00:00.000,
11934,11934,2,,,2014-12-18 09:06:11.000,2014-12-18 09:06:11.000,1,2014-12-01 00:00:00.000,
12300,12300,2,,"111111",2015-07-29 16:13:22.000,2015-07-29 16:13:22.000,1,2015-08-01 00:00:00.000,
10067,10067,2,,"(0XX21) 2178-6664, Retelma: 8126-6664",2014-11-05 07:42:44.000,2023-06-12 17:24:33.000,1,2014-11-01 00:00:00.000,2018-06-30 00:00:00.000
10216,10216,2,,,2015-01-07 07:25:42.000,2015-01-07 07:25:42.000,1,2015-01-01 00:00:00.000,
10507,10507,2,,"21 21786711",2015-01-09 13:47:53.000,2015-01-09 13:47:53.000,1,2015-01-01 00:00:00.000,
10384,10384,2,,"2178-6668",2015-01-09 13:39:22.000,2015-01-09 13:39:22.000,1,2015-01-01 00:00:00.000,
13036,10065,2,,,2018-06-21 08:18:37.000,2020-04-06 09:34:02.000,2,2018-06-01 00:00:00.000,2020-03-31 00:00:00.000
12301,12301,2,,"12121121",2015-07-29 16:33:11.000,2015-07-29 16:33:11.000,1,2015-08-01 00:00:00.000,
12302,12302,2,,"11111",2015-07-29 16:37:02.000,2015-07-29 16:37:02.000,1,2015-08-01 00:00:00.000,
12303,12303,2,,"14554544",2015-07-29 16:41:17.000,2015-07-29 16:41:17.000,1,2015-08-01 00:00:00.000,
12304,12304,2,,"12211",2015-07-29 16:43:57.000,2015-07-29 16:43:57.000,1,2015-08-01 00:00:00.000,
12305,12305,2,,"1111",2015-07-29 16:46:51.000,2015-07-29 16:46:51.000,1,2015-08-01 00:00:00.000,
12306,12306,2,,"1",2015-07-29 16:49:29.000,2015-07-29 16:49:29.000,1,2015-08-01 00:00:00.000,
12307,12307,2,,,2015-07-29 16:52:53.000,2015-07-29 16:52:53.000,1,2015-08-01 00:00:00.000,
12308,12308,2,,,2015-07-29 16:55:50.000,2015-07-29 16:55:50.000,1,2015-08-01 00:00:00.000,
12310,12310,2,,,2015-07-29 17:00:46.000,2015-07-29 17:00:46.000,1,2015-08-01 00:00:00.000,
12311,12311,2,,,2015-07-29 17:02:36.000,2015-07-29 17:02:36.000,1,2015-08-01 00:00:00.000,
12676,12676,2,,,2022-04-20 08:36:13.000,2022-04-20 08:36:13.000,1,2022-01-01 00:00:00.000,
12658,12658,2,,,2022-04-20 08:40:50.000,2022-04-20 08:40:50.000,1,2022-01-01 00:00:00.000,
10140,14059,2,,,2020-10-07 10:28:18.000,2020-10-07 10:28:18.000,4,2020-09-01 00:00:00.000,
12657,12657,2,,,2022-04-20 08:38:39.000,2022-04-20 08:38:39.000,1,2022-01-01 00:00:00.000,
10384,10139,2,"2º Ten. FABIO ALMEIDA",,2020-01-22 13:23:10.000,2020-10-15 18:22:19.000,4,2020-01-23 00:00:00.000,2020-08-31 00:00:00.000
11393,11393,2,,"8710-4600",2016-09-30 16:59:22.000,2016-09-30 16:59:22.000,1,2016-10-01 00:00:00.000,
13859,10311,2,,(91) 3182-9531,2020-02-27 14:42:33.000,2022-06-10 13:36:00.000,1,2020-01-08 00:00:00.000,2022-04-30 00:00:00.000
12677,12677,2,,,2022-04-20 08:42:19.000,2022-04-20 08:42:19.000,1,2022-01-01 00:00:00.000,
10230,10230,2,,"(0 XX 21) 2716-1550, 3849-6810, 9915-3120 Retelma: 8116-1550, 8126-6810",2017-11-23 15:04:53.000,2017-11-23 15:04:53.000,1,2017-12-01 00:00:00.000,
12678,12678,2,,,2022-04-20 08:44:03.000,2022-04-20 08:44:03.000,1,2022-01-01 00:00:00.000,
13036,10139,2,,(21)2197-7504,2018-06-05 09:33:15.000,2021-07-29 13:45:00.000,4,2018-06-01 00:00:00.000,2021-06-30 00:00:00.000
10203,10139,2,"1T Lineker","2178-6388",2020-10-21 11:41:44.000,2021-07-20 16:29:51.000,4,2020-11-03 00:00:00.000,2021-06-30 00:00:00.000
10293,14059,2,,,2020-10-07 10:27:25.000,2021-05-13 16:16:41.000,4,2020-09-01 00:00:00.000,
12679,12679,2,,,2022-04-20 08:45:25.000,2022-04-20 08:45:25.000,1,2022-01-01 00:00:00.000,
14219,10371,2,, (21) 3707-9505,2021-05-12 15:06:47.000,2021-05-12 15:06:47.000,1,2021-03-09 00:00:00.000,
10333,14119,2,,,2021-07-20 16:06:17.000,2021-07-20 16:06:17.000,1,2021-07-01 00:00:00.000,
10218,14119,2,,,2021-07-20 16:06:41.000,2023-07-13 10:55:26.000,4,2021-07-01 00:00:00.000,
10336,14119,2,,,2021-07-20 16:07:15.000,2023-08-17 19:01:30.000,1,2021-07-01 00:00:00.000,2023-06-30 00:00:00.000
10139,14119,2,,,2021-07-20 16:07:37.000,2021-07-20 16:07:37.000,1,2021-07-01 00:00:00.000,
13036,14119,2,,,2021-07-20 16:08:06.000,2021-07-20 16:08:06.000,4,2021-07-01 00:00:00.000,
14139,14119,2,,,2021-07-20 16:08:21.000,2021-07-20 16:08:21.000,1,2021-07-01 00:00:00.000,
10105,14119,2,,,2021-07-20 16:08:44.000,2023-07-13 14:58:35.000,2,2021-07-01 00:00:00.000,
10102,14119,2,,,2021-07-20 16:09:00.000,2021-07-20 16:09:00.000,1,2021-07-01 00:00:00.000,
13136,14119,2,,,2021-07-20 16:09:18.000,2021-07-20 16:09:18.000,1,2021-07-01 00:00:00.000,
10203,14119,2,,,2021-07-20 16:09:35.000,2022-12-21 14:28:23.000,4,2021-07-01 00:00:00.000,2021-11-30 00:00:00.000
10045,14119,2,,,2021-07-20 16:10:02.000,2023-09-18 16:14:17.000,4,2021-07-01 00:00:00.000,2023-06-30 00:00:00.000
10091,14119,2,,,2021-07-20 16:10:25.000,2021-09-14 19:07:04.000,4,2021-07-01 00:00:00.000,2021-07-31 00:00:00.000
14182,14119,2,,,2021-07-20 16:20:28.000,2021-07-20 16:20:28.000,1,2021-07-01 00:00:00.000,
10224,14119,2,,,2021-09-15 19:22:08.000,2022-07-13 16:11:56.000,4,2021-09-01 00:00:00.000,2022-07-31 00:00:00.000
10267,14119,2,,,2021-10-26 10:00:18.000,2022-04-13 17:57:21.000,4,2021-10-26 00:00:00.000,2022-01-31 00:00:00.000
12681,12681,2,,,2022-04-20 08:48:13.000,2022-04-20 08:48:13.000,1,2022-01-01 00:00:00.000,
12682,12682,2,,,2022-04-20 08:59:25.000,2022-04-20 08:59:25.000,1,2022-01-01 00:00:00.000,
10089,10324,2,,,2018-07-12 15:49:11.000,2018-09-04 15:39:45.000,4,2018-07-16 00:00:00.000,
10307,10307,2,,"(0XX21) 2189-1545, 9606-1564 Retelma: 8116-1545",2015-08-03 11:12:57.000,2015-08-03 11:12:57.000,1,2015-08-01 00:00:00.000,
12514,10139,2,"2T (IM) Silveira Neto","2178-6800",2019-01-25 15:54:25.000,2019-07-24 15:12:58.000,1,2019-01-29 00:00:00.000,2019-06-30 00:00:00.000
14160,10056,2,,,2021-03-29 08:03:41.000,2021-03-29 08:03:41.000,1,2021-04-01 00:00:00.000,
10225,10139,2,,,2017-12-11 14:53:34.000,2018-01-23 15:20:35.000,4,2017-12-08 00:00:00.000,2018-01-31 00:00:00.000
10244,10244,2,,(21) 2189-3551,2015-04-29 16:00:33.000,2015-04-29 16:00:33.000,1,2015-05-01 00:00:00.000,
14119,10139,2,,,2021-01-12 08:56:38.000,2021-07-19 17:32:40.000,1,2021-01-01 00:00:00.000,2021-06-30 00:00:00.000
10384,10139,2,"1º Ten. Braz",,2019-11-22 17:26:13.000,2019-12-19 12:50:27.000,4,2019-11-21 00:00:00.000,2019-11-30 00:00:00.000
14279,10311,2,,,2021-09-23 09:59:03.000,2022-06-10 13:36:10.000,1,2021-09-02 00:00:00.000,2022-04-30 00:00:00.000
10232,10232,2,,(0XX21) 2716-1573 Retelma: 8116-1573,2015-07-01 10:43:52.000,2023-06-12 17:10:34.000,1,2015-07-01 00:00:00.000,2016-11-30 00:00:00.000
10091,14119,2,,,2021-10-06 19:25:51.000,2022-07-13 16:15:40.000,4,2021-10-04 00:00:00.000,2022-05-31 00:00:00.000
12684,12684,2,,,2022-04-20 09:01:38.000,2022-04-20 09:01:38.000,1,2022-01-01 00:00:00.000,
12685,12685,2,,,2022-04-20 09:03:06.000,2022-04-20 09:03:06.000,1,2022-01-01 00:00:00.000,
12686,12686,2,,,2022-04-20 09:04:52.000,2022-04-20 09:04:52.000,1,2022-01-01 00:00:00.000,
12696,12696,2,,,2022-04-20 09:06:15.000,2022-04-20 09:06:15.000,1,2022-01-01 00:00:00.000,
12697,12697,2,,,2022-04-20 09:07:31.000,2022-04-20 09:07:31.000,1,2022-01-01 00:00:00.000,
12698,12698,2,,,2022-04-20 09:09:38.000,2022-04-20 09:09:38.000,1,2022-01-01 00:00:00.000,
12699,12699,2,,,2022-04-20 09:11:12.000,2022-04-20 09:11:12.000,1,2022-01-01 00:00:00.000,
12700,12700,2,,,2022-04-20 09:12:45.000,2022-04-20 09:12:45.000,1,2022-01-01 00:00:00.000,
12701,12701,2,,,2022-04-20 09:14:11.000,2022-04-20 09:14:11.000,1,2022-01-01 00:00:00.000,
12702,12702,2,,,2022-04-20 09:17:02.000,2022-04-20 09:17:02.000,1,2022-01-01 00:00:00.000,
12716,12716,2,,,2022-04-20 09:20:22.000,2022-04-20 09:20:22.000,1,2022-01-01 00:00:00.000,
12717,12717,2,,,2022-04-20 09:21:47.000,2022-04-20 09:21:47.000,1,2022-01-01 00:00:00.000,
12154,12154,2,,,2015-05-25 14:04:19.000,2015-05-25 14:04:19.000,1,2015-05-01 00:00:00.000,
10310,10310,2,,(0XX21) 3849-6310 Ramal: 4500 Retelma: 8126-6310,2015-07-01 10:49:32.000,2023-06-12 17:08:52.000,1,2015-07-01 00:00:00.000,2018-11-10 00:00:00.000
10203,10203,2,,(0XX21) 2189-1540,2015-07-01 10:50:57.000,2015-07-01 10:50:57.000,1,2017-06-01 00:00:00.000,
10119,10119,2,,,2016-07-29 14:30:51.000,2016-07-29 14:30:51.000,1,2016-08-01 00:00:00.000,
10218,10139,2,,,2017-11-01 08:36:17.000,2018-02-15 15:33:47.000,4,2017-01-01 00:00:00.000,2018-01-31 00:00:00.000
10108,10139,2,"2T(IM) CARVALHO","2178-6682",2019-10-17 15:31:26.000,2020-03-31 08:18:35.000,4,2019-10-17 00:00:00.000,2020-03-31 00:00:00.000
10151,10125,2,,(21) 2189-1203,2022-04-01 10:38:06.000,2023-07-14 13:28:09.000,1,2022-04-01 00:00:00.000,2023-06-30 00:00:00.000
14059,14059,2,,(021) 2104-5372,2020-08-11 15:41:07.000,2020-08-11 15:41:07.000,1,2020-08-01 00:00:00.000,
10056,14119,2,,,2022-01-12 11:59:28.000,2025-05-12 11:49:37.000,4,2022-01-04 00:00:00.000,2023-06-30 00:00:00.000
10196,10196,2,,,2015-03-02 10:46:48.000,2015-03-02 10:46:48.000,1,2015-03-01 00:00:00.000,
30042,10139,2,CT(IM) QUEIROZ,,2019-07-24 10:08:38.000,2019-08-22 16:51:53.000,2,2019-06-01 00:00:00.000,2019-06-30 00:00:00.000
10087,10371,2,,(0 XX 21 ) 2628-7361 3707-9501 Ramal: 9501 Retelma: 8128-9501,2015-08-03 15:33:34.000,2015-08-03 16:15:35.000,1,2015-07-01 00:00:00.000,
10045,10140,2,,"21784470",2019-05-16 14:44:23.000,2022-03-10 08:08:01.000,4,2019-05-20 00:00:00.000,2021-05-20 00:00:00.000
12876,10210,2,,,2016-05-12 15:49:15.000,2016-05-12 15:49:15.000,1,2016-06-01 00:00:00.000,
11693,10139,2,,,2017-10-18 11:05:34.000,2019-04-02 17:44:22.000,4,2017-10-01 00:00:00.000,2019-03-25 00:00:00.000
13939,13939,2,,(021) 2253-5128,2020-05-05 13:58:21.000,2020-05-05 13:58:21.000,1,2020-05-01 00:00:00.000,
10331,10139,2,"2T(IM)Artur Freire Gestor",,2019-05-30 10:52:23.000,2019-06-05 08:51:59.000,4,2019-06-03 00:00:00.000,2019-06-06 00:00:00.000
10326,10056,2,,(21) 2104-5159,2019-09-06 16:46:28.000,2025-02-07 07:30:38.000,1,2019-09-01 00:00:00.000,2024-12-31 00:00:00.000
14182,10139,2,,,2021-03-31 14:03:23.000,2021-07-20 16:31:52.000,1,2021-04-01 00:00:00.000,2021-06-30 00:00:00.000
10045,10139,2,,,2021-02-02 12:43:24.000,2021-07-20 16:33:16.000,4,2021-01-01 00:00:00.000,2021-06-30 00:00:00.000
10108,14119,2,,,2021-10-15 08:08:08.000,2021-10-15 08:08:08.000,4,2021-10-01 00:00:00.000,2021-10-31 00:00:00.000
10142,10142,2,,(0XX21) 2178-6677Retelma: 8126-6677,2015-01-09 13:37:16.000,2023-06-12 17:23:16.000,1,2015-01-01 00:00:00.000,2019-05-31 00:00:00.000
10100,10100,2,,"(0XX21) 3849-6662, 3849-6357 Retelma: 8126-6662",2015-01-28 10:18:02.000,2015-01-28 10:18:02.000,1,2014-11-01 00:00:00.000,
11994,10329,2,,"92-2123-4634",2015-03-04 10:30:48.000,2025-06-24 10:26:28.000,1,2015-03-01 00:00:00.000,2025-05-31 00:00:00.000
13839,10069,2,(41) 3721-1546,"4137211546",2020-01-20 10:25:02.000,2020-01-20 10:25:02.000,1,2020-01-01 00:00:00.000,
10269,10269,2,"2T NADAF","8599664677",2015-05-21 10:43:08.000,2015-05-21 10:43:08.000,1,2011-05-01 00:00:00.000,
10098,10129,2,CB ES SOUSA LIMA,"32342603",2015-06-10 12:37:15.000,2017-06-28 16:45:32.000,1,2015-06-01 00:00:00.000,
10158,10158,2,,,2015-10-05 10:43:02.000,2015-10-05 10:43:02.000,1,2015-10-01 00:00:00.000,
10388,10388,2,,(91) 3216-4544,2015-10-05 10:50:56.000,2015-10-05 10:50:56.000,1,2015-10-01 00:00:00.000,
10121,10121,2,,"3216-4547",2015-10-05 11:01:56.000,2023-06-12 17:20:21.000,1,2015-10-01 00:00:00.000,2017-08-31 00:00:00.000
10230,10139,2,,,2018-05-18 08:24:40.000,2018-09-18 14:17:53.000,1,2018-05-08 00:00:00.000,2018-09-09 00:00:00.000
10342,10342,2,,(21) 2189-3584,2018-07-11 11:46:59.000,2023-06-12 17:25:28.000,1,2018-07-01 00:00:00.000,2022-03-31 00:00:00.000
10504,10504,2,,(21)2189-1317/1197,2019-02-18 16:47:06.000,2019-02-18 16:47:06.000,1,2019-03-01 00:00:00.000,
10406,10406,2,,,2020-09-01 15:16:02.000,2020-09-01 15:16:02.000,1,2020-09-01 00:00:00.000,
14079,14079,2,,(21) 2189-1975 e (21) 2189-1953,2020-09-14 10:56:41.000,2020-09-14 10:56:41.000,1,2020-10-01 00:00:00.000,
10230,10139,2,"2ºTen (IM) João Henrique","2178-6807",2019-12-02 07:20:13.000,2019-12-02 07:21:31.000,1,2019-12-06 00:00:00.000,2019-12-31 00:00:00.000
13900,10163,2,,,2020-03-16 13:32:59.000,2020-04-01 13:07:17.000,1,2020-03-01 00:00:00.000,
11693,14119,2,,,2021-07-26 14:11:27.000,2025-02-17 11:57:54.000,4,2021-07-01 00:00:00.000,
10316,14119,2,,,2022-01-12 14:31:35.000,2025-05-12 12:01:19.000,4,2022-01-04 00:00:00.000,2025-04-30 00:00:00.000
10389,14119,2,,,2022-01-12 14:40:36.000,2023-11-10 12:07:58.000,4,2022-01-04 00:00:00.000,2023-06-30 00:00:00.000
10089,14119,2,,,2022-01-12 14:41:04.000,2023-09-18 16:42:14.000,4,2022-01-04 00:00:00.000,2023-06-30 00:00:00.000
10242,14119,2,,,2022-01-12 14:43:37.000,2023-09-18 16:54:10.000,4,2022-01-04 00:00:00.000,2023-06-30 00:00:00.000
10084,14119,2,,,2022-01-12 14:44:09.000,2023-09-18 16:53:12.000,4,2022-01-04 00:00:00.000,2023-06-30 00:00:00.000
10200,14119,2,,,2022-01-12 14:44:50.000,2023-09-18 16:55:08.000,4,2022-01-04 00:00:00.000,2023-06-30 00:00:00.000
10144,14119,2,,,2022-01-12 14:45:26.000,2023-07-13 14:57:07.000,2,2022-01-13 00:00:00.000,
10148,14119,2,,,2022-01-12 14:46:42.000,2025-06-12 12:52:21.000,4,2022-01-01 00:00:00.000,2030-12-31 00:00:00.000
10049,14119,2,,,2022-01-12 14:48:03.000,2023-09-18 16:16:01.000,4,2022-01-04 00:00:00.000,2023-06-30 00:00:00.000
10324,14119,2,,,2022-01-12 14:48:55.000,2023-09-18 16:54:53.000,4,2022-01-04 00:00:00.000,2023-06-30 00:00:00.000
10176,14119,2,,,2022-01-12 14:49:24.000,2025-05-12 12:02:27.000,4,2022-01-04 00:00:00.000,2023-06-30 00:00:00.000
10106,14119,2,,,2022-01-12 14:50:41.000,2025-05-12 11:29:10.000,4,2022-01-04 00:00:00.000,2023-06-30 00:00:00.000
10872,14119,2,,,2022-01-12 14:52:02.000,2023-09-18 16:57:08.000,4,2022-01-04 00:00:00.000,2023-06-30 00:00:00.000
10296,14119,2,,,2022-01-12 14:53:09.000,2023-08-18 14:26:14.000,4,2022-01-04 00:00:00.000,2023-06-30 00:00:00.000
10053,14119,2,,,2022-01-12 14:55:32.000,2023-07-13 15:11:10.000,2,2022-01-13 00:00:00.000,
10200,10139,2,,,2015-04-20 16:48:06.000,2017-12-19 13:52:26.000,4,2015-04-20 00:00:00.000,2017-12-31 00:00:00.000
10089,10139,2,,,2015-04-20 16:48:40.000,2017-12-19 12:46:24.000,4,2015-04-20 00:00:00.000,2017-12-31 00:00:00.000
10317,10139,2,,,2015-04-20 16:49:08.000,2017-12-19 13:53:12.000,4,2015-04-20 00:00:00.000,2017-12-31 00:00:00.000
10296,10139,2,,,2015-04-20 16:50:30.000,2017-12-19 12:46:51.000,3,2015-04-20 00:00:00.000,2017-12-31 00:00:00.000
10872,10139,2,,,2015-04-20 16:52:29.000,2017-12-19 13:53:52.000,3,2015-04-20 00:00:00.000,2017-12-31 00:00:00.000
10389,10139,2,,,2015-04-20 16:53:07.000,2017-12-19 13:53:29.000,1,2015-04-20 00:00:00.000,2017-12-31 00:00:00.000
10049,10139,2,,,2015-04-20 16:53:31.000,2017-12-19 13:52:50.000,4,2015-04-20 00:00:00.000,2017-12-31 00:00:00.000
10055,10139,2,,,2015-04-20 16:54:04.000,2017-12-19 12:45:51.000,4,2015-04-20 00:00:00.000,2017-12-31 00:00:00.000
10333,10139,2,,,2015-04-20 16:54:33.000,2021-07-20 16:20:56.000,1,2015-04-20 00:00:00.000,2021-06-30 00:00:00.000
10148,10139,2,,,2015-04-20 16:55:21.000,2018-01-17 09:40:36.000,1,2015-04-17 00:00:00.000,2018-01-18 00:00:00.000
10018,10139,2,,,2015-04-20 16:56:10.000,2018-01-17 09:40:23.000,1,2015-04-17 00:00:00.000,2018-01-18 00:00:00.000
10137,10139,2,,,2015-04-20 16:57:09.000,2017-10-16 11:18:22.000,3,2015-04-27 00:00:00.000,2017-09-30 00:00:00.000
10144,10139,2,,,2015-04-20 16:58:23.000,2018-01-17 09:40:59.000,1,2015-04-17 00:00:00.000,2018-01-18 00:00:00.000
10105,10139,2,,,2015-04-20 16:58:50.000,2018-01-17 09:39:08.000,2,2015-04-10 00:00:00.000,2018-01-18 00:00:00.000
10053,10139,2,,,2015-04-20 16:59:12.000,2018-01-17 09:41:22.000,1,2015-04-17 00:00:00.000,2018-01-18 00:00:00.000
10084,10139,2,,,2015-04-20 16:59:35.000,2017-12-19 12:48:37.000,4,2015-04-27 00:00:00.000,2017-12-31 00:00:00.000
10250,10139,2,,,2015-04-20 16:59:57.000,2018-01-17 09:42:01.000,3,2015-04-17 00:00:00.000,2018-01-18 00:00:00.000
10128,10139,2,,,2015-04-20 17:00:19.000,2017-12-19 13:51:36.000,4,2015-04-27 00:00:00.000,2017-12-31 00:00:00.000
10033,10139,2,,,2015-04-20 17:01:13.000,2018-01-17 09:41:38.000,1,2015-04-17 00:00:00.000,2018-01-18 00:00:00.000
10312,10139,2,,,2015-04-20 17:01:37.000,2017-12-19 13:49:32.000,4,2015-04-27 00:00:00.000,2017-12-31 00:00:00.000
10106,10139,2,,,2015-04-20 17:02:12.000,2018-01-23 14:13:24.000,1,2015-04-15 00:00:00.000,2018-01-18 00:00:00.000
10396,10139,2,,,2015-04-20 17:02:36.000,2017-12-19 12:48:28.000,4,2015-04-27 00:00:00.000,2017-12-31 00:00:00.000
10179,10139,2,,,2015-04-20 17:03:18.000,2017-12-19 12:47:19.000,4,2015-04-27 00:00:00.000,2017-12-31 00:00:00.000
10122,10122,2,,(0XX21) 2189-1074,2018-04-05 08:50:09.000,2018-04-05 08:50:09.000,1,2018-05-01 00:00:00.000,
10156,10156,2,,(21) 2189-1501,2018-04-05 08:54:28.000,2023-06-12 17:13:31.000,1,2018-05-01 00:00:00.000,2021-08-31 00:00:00.000
10331,10331,2,,,2018-04-05 09:01:38.000,2018-04-05 09:01:38.000,1,2018-05-01 00:00:00.000,
10398,10398,2,,"(0XX84) 3216-3437, 8802-8582 Retelma: 8311-3437",2018-08-02 10:34:12.000,2018-08-02 10:34:12.000,1,2018-08-01 00:00:00.000,
10065,13277,2,,,2020-04-06 09:46:16.000,2020-04-06 09:46:16.000,1,2020-04-01 00:00:00.000,
13036,13277,2,,,2020-04-06 09:49:42.000,2020-04-06 09:49:42.000,4,2020-04-01 00:00:00.000,
10409,10251,2,CT (CD) ANNA CAROLINA,"984601650",2021-06-14 19:03:30.000,2025-04-08 11:47:54.000,1,2021-06-01 00:00:00.000,2025-02-28 00:00:00.000
14320,10329,2,,,2021-10-08 10:02:19.000,2025-06-25 11:36:05.000,1,2021-08-30 00:00:00.000,2025-05-31 00:00:00.000
14360,10107,2,,(21) 3386-4516,2022-02-11 12:33:18.000,2022-02-11 12:33:18.000,4,2022-02-01 00:00:00.000,
10028,10028,2,,,2022-02-01 00:00:00.000,2022-02-01 00:00:00.000,2,2022-02-01 00:00:00.000,
12036,12036,2,,,2015-04-08 11:04:42.000,2015-04-08 11:04:42.000,1,2015-04-01 00:00:00.000,
10324,10139,2,,,2015-04-20 16:34:28.000,2018-02-15 14:04:07.000,3,2015-04-20 00:00:00.000,2018-01-31 00:00:00.000
10242,10139,2,,,2015-04-20 16:36:40.000,2017-12-19 13:50:39.000,4,2015-04-20 00:00:00.000,2017-12-31 00:00:00.000
10331,10139,2,,,2018-04-27 15:33:30.000,2020-07-07 15:15:12.000,1,2018-05-01 00:00:00.000,2019-06-30 00:00:00.000
10331,10139,2,"2T(IM)Artur","2178-6329",2019-09-30 17:10:06.000,2019-09-30 17:10:06.000,4,2019-09-20 00:00:00.000,2019-10-21 00:00:00.000
10003,10003,2,,(0XX21) 3849-6654 Retelma: 8126-6654,2015-07-01 10:33:50.000,2015-07-01 10:33:50.000,1,2015-07-01 00:00:00.000,
10224,10139,2,,,2019-11-27 09:43:49.000,2021-03-10 16:32:15.000,4,2019-11-13 00:00:00.000,2021-01-31 00:00:00.000
10233,10233,2,,(0XX91) 3216-4561 Retelma: 8411-4561,2015-11-05 15:50:29.000,2023-06-12 17:19:17.000,1,2015-11-01 00:00:00.000,2018-07-31 00:00:00.000
10509,10371,2,,,2015-07-14 11:34:38.000,2015-07-14 11:34:38.000,1,2015-06-01 00:00:00.000,
10033,10324,2,,,2015-07-24 13:57:00.000,2015-09-03 10:15:06.000,4,2015-07-01 00:00:00.000,
10080,10080,2,,,2019-11-28 08:38:11.000,2019-11-28 08:38:11.000,1,2019-11-01 00:00:00.000,
10280,10139,2,CT-IM FABRICIO PEREIRA FRANCISCO,,2020-01-07 17:07:54.000,2021-02-11 12:24:16.000,4,2020-01-07 00:00:00.000,2020-12-31 00:00:00.000
10108,10139,2,,,2020-03-31 08:19:09.000,2020-03-31 08:19:09.000,1,2020-04-01 00:00:00.000,2020-04-03 00:00:00.000
10125,14119,2,,,2021-09-29 18:34:57.000,2021-10-15 08:12:59.000,4,2021-09-24 00:00:00.000,2021-09-30 00:00:00.000
13919,10340,2,,(021) 2189-4753,2020-04-13 14:36:18.000,2023-07-04 15:40:36.000,1,2020-04-15 00:00:00.000,2023-05-31 00:00:00.000
10140,10139,2,,,2021-01-19 18:19:13.000,2021-07-20 16:25:57.000,4,2021-01-01 00:00:00.000,2021-05-31 00:00:00.000
10238,10139,2,,,2018-11-19 10:09:35.000,2019-05-10 12:29:26.000,4,2018-11-22 00:00:00.000,2019-04-30 00:00:00.000
13719,10393,2,,,2019-10-07 11:11:29.000,2021-11-10 10:54:35.000,1,2019-09-17 00:00:00.000,2021-09-30 00:00:00.000
10281,10281,2,,,2015-05-29 14:37:05.000,2023-06-12 17:16:53.000,1,2015-06-01 00:00:00.000,2016-11-30 00:00:00.000
10047,10047,2,,"(0XX21) 3849-6686, 3849-6680 Ramal: 230 Retelma: 8126-6686, 8126-6680",2015-05-29 14:40:01.000,2023-06-12 17:15:43.000,1,2015-06-01 00:00:00.000,2019-10-31 00:00:00.000
10225,10225,2,,(0XX21) 3849-6670 Retelma: 8126-6676,2015-05-29 14:43:20.000,2015-05-29 14:43:20.000,1,2015-06-01 00:00:00.000,
10353,10353,2,,,2016-08-02 16:19:12.000,2023-06-12 17:21:20.000,1,2016-08-01 00:00:00.000,2021-05-31 00:00:00.000
10229,10229,2,,(0XX84) 9985-9013,2016-08-23 10:29:05.000,2016-08-23 10:29:05.000,1,2016-09-01 00:00:00.000,
10195,10195,2,,"81 3216-3458 / 3216-3431",2016-08-23 10:31:05.000,2016-08-23 10:31:05.000,1,2016-09-01 00:00:00.000,
10225,10139,2,,,2018-03-12 10:32:48.000,2018-03-12 10:32:48.000,4,2018-02-01 00:00:00.000,2018-02-28 00:00:00.000
10206,10139,2,,,2018-12-04 12:12:57.000,2019-02-01 12:42:29.000,4,2018-12-05 00:00:00.000,2019-01-31 00:00:00.000
10198,10198,2,,(21) 2178-6590,2018-09-11 13:24:17.000,2018-09-11 13:24:17.000,1,2018-09-01 00:00:00.000,
10156,10139,2,,,2018-12-04 12:20:40.000,2021-05-17 14:52:11.000,4,2018-11-21 00:00:00.000,2021-03-31 00:00:00.000
10024,10139,2,,,2019-12-12 18:50:58.000,2019-12-12 18:50:58.000,4,2020-01-01 00:00:00.000,2020-01-10 00:00:00.000
10206,10206,2,,(21) 2178-6833,2015-09-30 16:11:33.000,2023-06-12 17:18:12.000,1,2015-10-01 00:00:00.000,2019-06-30 00:00:00.000
10024,10024,2,,(21) 2189-3587/7118-6623,2015-09-30 16:12:57.000,2015-09-30 16:12:57.000,1,2015-10-01 00:00:00.000,
10002,10002,2,,(0XX84) 3216-3438,2019-06-27 09:53:16.000,2019-06-27 09:53:16.000,1,2019-07-01 00:00:00.000,
10186,10186,2,,(53) 32336310,2016-12-26 14:09:14.000,2016-12-26 14:09:14.000,1,2017-01-01 00:00:00.000,
13418,13418,2,,,2020-06-26 16:07:29.000,2020-06-26 16:07:29.000,1,2020-07-01 00:00:00.000,
14160,14119,2,,,2022-01-13 09:39:28.000,2023-09-18 16:57:52.000,4,2022-01-04 00:00:00.000,2023-06-30 00:00:00.000
10359,10125,2,,(21) 2189-1419,2022-04-01 13:12:33.000,2023-03-13 10:39:09.000,1,2022-04-01 00:00:00.000,2023-02-28 00:00:00.000
14340,14119,2,,,2022-02-01 14:46:00.000,2025-08-12 14:45:49.000,1,2022-01-28 00:00:00.000,2025-07-31 00:00:00.000
10179,14119,2,,,2022-02-01 15:06:37.000,2023-09-18 16:14:54.000,4,2022-01-04 00:00:00.000,2023-06-30 00:00:00.000
10203,10139,2,,,2016-01-05 09:36:58.000,2019-08-22 16:53:59.000,4,2016-01-01 00:00:00.000,2019-06-30 00:00:00.000
10672,13217,2,,"32298483",2021-03-16 09:28:10.000,2021-03-16 09:28:10.000,1,2021-02-01 00:00:00.000,
10053,10056,2,,"2104-5268",2018-01-15 14:50:28.000,2018-01-15 14:50:28.000,4,2018-01-18 00:00:00.000,
10206,10139,2,,,2018-02-23 10:05:21.000,2019-02-01 12:41:15.000,1,2018-02-15 00:00:00.000,2019-01-31 00:00:00.000
10091,10139,2,,,2019-03-15 09:57:27.000,2019-12-19 12:46:47.000,4,2019-02-20 00:00:00.000,2019-11-30 00:00:00.000
10405,10119,2,"3°SG-MO ELIAS","33073359",2019-06-10 09:40:56.000,2020-04-08 17:01:08.000,1,2019-06-01 00:00:00.000,2020-04-10 00:00:00.000
10139,10230,2,,,2020-01-07 14:52:42.000,2020-01-07 14:52:42.000,1,2019-12-06 00:00:00.000,2019-12-31 00:00:00.000
10024,10139,2,"2T Alfaia","2178-6875",2019-11-21 15:16:25.000,2019-12-12 18:51:24.000,1,2019-11-20 00:00:00.000,2019-12-31 00:00:00.000
10218,10139,2,,,2021-01-18 09:45:08.000,2021-07-20 16:21:21.000,4,2021-02-01 00:00:00.000,2021-06-30 00:00:00.000
11693,10139,2,,,2021-01-18 09:45:57.000,2021-07-20 16:32:55.000,4,2021-02-01 00:00:00.000,2021-06-30 00:00:00.000
14260,10138,2,,,2021-09-09 14:05:54.000,2024-09-05 10:59:55.000,1,2021-09-01 00:00:00.000,2024-06-30 00:00:00.000
12718,12718,2,,,2022-04-20 09:56:29.000,2022-04-20 09:56:29.000,1,2022-01-01 00:00:00.000,
12720,12720,2,,,2022-04-20 09:59:57.000,2022-04-20 09:59:57.000,1,2022-01-01 00:00:00.000,
12721,12721,2,,,2022-04-20 10:01:24.000,2022-04-20 10:01:24.000,1,2022-01-01 00:00:00.000,
12722,12722,2,,,2022-04-20 10:02:56.000,2022-04-20 10:02:56.000,1,2022-01-01 00:00:00.000,
12723,12723,2,,,2022-04-20 10:05:45.000,2022-04-20 10:05:45.000,1,2022-01-01 00:00:00.000,
12194,12194,2,,,2018-04-05 15:49:04.000,2018-04-05 15:49:04.000,1,2018-05-01 00:00:00.000,
12777,12777,2,,,2016-03-09 13:42:46.000,2016-03-09 13:42:46.000,1,2016-01-01 00:00:00.000,
12778,12778,2,,,2016-03-09 13:48:04.000,2016-03-09 13:48:04.000,1,2016-01-01 00:00:00.000,
12781,12781,2,,,2016-03-09 14:07:10.000,2016-03-09 14:07:10.000,1,2016-01-01 00:00:00.000,
12782,12782,2,,,2016-03-09 14:09:28.000,2016-03-09 14:09:28.000,1,2016-01-01 00:00:00.000,
12783,12783,2,,,2016-03-09 14:11:24.000,2016-03-09 14:11:24.000,1,2016-01-01 00:00:00.000,
12784,12784,2,,,2016-03-09 14:13:12.000,2016-03-09 14:13:12.000,1,2016-01-01 00:00:00.000,
12785,12785,2,,,2016-03-09 14:14:44.000,2016-03-09 14:14:44.000,1,2016-01-01 00:00:00.000,
12786,12786,2,,,2016-03-09 14:16:33.000,2016-03-09 14:16:33.000,1,2016-01-01 00:00:00.000,
12787,12787,2,,,2016-03-09 14:18:18.000,2016-03-09 14:18:18.000,1,2016-01-01 00:00:00.000,
12788,12788,2,,,2016-03-09 14:20:34.000,2016-03-09 14:20:34.000,1,2016-01-01 00:00:00.000,
12789,12789,2,,,2016-03-09 14:28:25.000,2016-03-09 14:28:25.000,1,2016-01-01 00:00:00.000,
12790,12790,2,,,2016-03-09 14:32:27.000,2016-03-09 14:32:27.000,1,2016-01-01 00:00:00.000,
12791,12791,2,,,2016-03-09 14:34:52.000,2016-03-09 14:34:52.000,1,2016-01-01 00:00:00.000,
12792,12792,2,,,2016-03-09 14:44:13.000,2016-03-09 14:44:13.000,1,2016-01-01 00:00:00.000,
10200,10056,2,,,2017-10-20 14:10:46.000,2017-11-08 13:48:59.000,4,2017-10-23 00:00:00.000,
10156,10139,2,CT(QC-CA) Pereira,"2178-6811",2020-01-22 08:20:20.000,2021-05-17 15:24:14.000,4,2020-01-23 00:00:00.000,2021-03-31 00:00:00.000
10238,10238,2,,"21891129",2018-04-05 15:46:14.000,2018-04-05 15:46:14.000,1,2018-05-01 00:00:00.000,
10404,10404,2,,"21891509",2018-04-20 11:16:45.000,2023-06-12 17:11:32.000,1,2018-05-01 00:00:00.000,2019-10-31 00:00:00.000
10108,10139,2,,,2018-07-16 09:02:22.000,2018-07-16 09:02:22.000,1,2018-07-16 00:00:00.000,2018-07-20 00:00:00.000
11693,10139,2,,,2019-04-02 17:47:39.000,2019-04-02 17:47:52.000,4,2019-03-26 00:00:00.000,2019-03-26 00:00:00.000
13940,10056,2,,,2020-07-30 10:15:42.000,2020-07-30 10:15:42.000,1,2020-07-10 00:00:00.000,
10047,10139,2,,,2018-11-13 09:57:49.000,2019-02-01 12:45:05.000,4,2018-10-22 00:00:00.000,2018-12-31 00:00:00.000
10230,10139,2,,,2020-01-22 08:18:52.000,2020-01-22 08:18:52.000,1,2020-01-01 00:00:00.000,2020-01-06 00:00:00.000
13879,10138,2,,"22 26214100",2020-01-27 09:32:42.000,2024-09-05 11:00:04.000,1,2019-12-06 00:00:00.000,2024-06-30 00:00:00.000
14139,10139,2,,,2021-02-09 10:10:18.000,2021-07-20 16:26:21.000,1,2021-02-01 00:00:00.000,2021-06-30 00:00:00.000
10118,10118,2,,,2022-03-08 14:08:10.000,2022-03-08 14:08:10.000,2,2022-02-01 00:00:00.000,
10273,10273,2,,(91) 3216-4558 Retelma: 8411-4558,2015-10-06 10:05:04.000,2015-10-06 10:05:04.000,1,2015-10-01 00:00:00.000,
10400,10400,2,,"3216-4551",2015-10-06 10:06:06.000,2015-10-06 10:06:06.000,1,2015-10-01 00:00:00.000,
10024,10139,2,"1T (QC-CA) Pimentel","2178-6875",2019-03-29 17:25:49.000,2019-05-02 07:56:48.000,1,2019-03-29 00:00:00.000,2019-05-29 00:00:00.000
12706,12706,2,,,2016-02-17 13:38:09.000,2016-02-17 13:38:09.000,1,2016-01-01 00:00:00.000,
12704,12706,2,,,2016-02-17 13:38:09.000,2016-02-17 13:38:09.000,1,2016-01-01 00:00:00.000,
10166,10166,2,,(0XX71) 3307-3678 Retelma: 8210-3963,2016-07-29 14:40:39.000,2016-07-29 14:40:39.000,1,2016-08-01 00:00:00.000,
10325,10325,2,,(0XX71) 2108-3954 Sistelma: 8210-3954/3677,2016-07-29 14:47:35.000,2016-07-29 14:47:35.000,1,2016-08-01 00:00:00.000,
10254,10254,2,,"(0XX71) 3307-3956, 9978-7617",2016-07-29 14:56:23.000,2016-07-29 14:56:23.000,1,2016-08-01 00:00:00.000,
10169,10169,2,,,2016-07-29 14:58:28.000,2016-07-29 14:58:28.000,1,2016-08-01 00:00:00.000,
10265,10265,2,,(71) 3307-3649,2016-07-29 15:00:10.000,2016-07-29 15:00:10.000,1,2016-08-01 00:00:00.000,
10048,10048,2,,(71) 3307-3639 - Retelma 8210-3639,2016-07-29 15:07:34.000,2016-07-29 15:07:34.000,1,2016-08-01 00:00:00.000,
10331,10139,2,,,2019-11-05 16:00:36.000,2019-11-05 16:00:36.000,4,2019-10-22 00:00:00.000,2019-10-31 00:00:00.000
13277,10139,2,,,2018-06-25 10:39:17.000,2019-12-19 12:51:58.000,1,2018-06-01 00:00:00.000,2019-11-30 00:00:00.000
10331,10139,2,,,2020-01-23 10:11:56.000,2021-02-11 12:22:52.000,4,2020-01-25 00:00:00.000,2020-12-31 00:00:00.000
10105,10139,2,,"8110-5063",2021-02-26 10:23:26.000,2021-07-20 16:26:47.000,4,2021-02-08 00:00:00.000,2021-06-30 00:00:00.000
14120,14120,2,,,2020-12-21 08:24:15.000,2020-12-21 08:24:15.000,1,2021-01-01 00:00:00.000,
14119,14119,2,,,2021-07-01 00:00:00.000,2021-07-01 00:00:00.000,1,2021-07-01 00:00:00.000,
10218,10218,2,,,2022-04-07 11:16:47.000,2022-04-07 11:16:47.000,2,2022-02-01 00:00:00.000,
12724,12724,2,,,2022-04-20 10:56:36.000,2022-04-20 10:56:36.000,1,2022-01-01 00:00:00.000,
12725,12725,2,,,2022-04-20 10:58:26.000,2022-04-20 10:58:26.000,1,2022-01-01 00:00:00.000,
12793,12793,2,,,2016-03-09 14:54:36.000,2016-03-09 14:54:36.000,1,2016-01-01 00:00:00.000,
12794,12794,2,,,2016-03-09 14:56:38.000,2016-03-09 14:56:38.000,1,2016-01-01 00:00:00.000,
10173,10173,2,,"3216-3432",2016-08-23 10:55:29.000,2016-08-23 10:55:29.000,1,2016-09-01 00:00:00.000,
10392,10392,2,,"(0 XX 84) 3216-3433, 8802-8580 Ramal: 21 Retelma: 8311-3433",2016-08-23 10:57:25.000,2016-08-23 10:57:25.000,1,2016-09-01 00:00:00.000,
10213,10213,2,,"2189-1293/1297",2018-03-09 16:14:12.000,2023-06-12 17:03:27.000,1,2018-04-01 00:00:00.000,2020-12-01 00:00:00.000
10303,10139,2,,,2017-10-19 12:49:24.000,2018-01-17 09:39:52.000,2,2017-10-15 01:00:00.000,2018-01-18 00:00:00.000
10049,10056,2,,,2017-10-20 13:59:55.000,2017-11-08 13:48:41.000,4,2017-10-23 00:00:00.000,
10296,10056,2,,,2017-10-20 14:00:54.000,2017-11-08 10:17:46.000,4,2017-10-23 00:00:00.000,
10324,10056,2,,,2017-10-20 14:01:48.000,2017-11-08 13:47:40.000,4,2017-10-23 00:00:00.000,
10317,10056,2,,,2017-10-20 14:02:38.000,2017-11-08 13:48:09.000,4,2017-10-23 00:00:00.000,
10303,10056,2,,,2017-10-20 14:04:32.000,2017-11-08 13:49:55.000,4,2017-10-15 01:00:00.000,
13598,10029,2,,,2019-03-07 16:16:14.000,2019-03-07 16:16:14.000,1,2019-01-22 00:00:00.000,
10230,10139,2,henrique.joao@marinha.mil.br,"8126-6807",2020-04-27 08:59:25.000,2020-05-25 07:36:33.000,4,2020-04-25 00:00:00.000,2020-06-25 00:00:00.000
13277,13277,2,,,2020-02-07 14:41:09.000,2020-02-07 14:41:09.000,1,2020-03-01 00:00:00.000,
10331,10139,2,,,2020-07-01 16:41:19.000,2020-10-15 18:11:40.000,4,2020-06-24 00:00:00.000,2020-08-28 00:00:00.000
10651,10651,2,,(84) 8802-8579,2021-02-26 14:23:27.000,2021-02-26 14:23:27.000,1,2021-03-01 00:00:00.000,
13498,14119,2,,,2021-08-05 15:35:31.000,2025-05-12 11:45:44.000,4,2021-07-01 00:00:00.000,2021-07-31 00:00:00.000
10371,10371,2,,,2002-01-01 00:00:00.000,2002-01-01 00:00:00.000,1,2002-01-01 00:00:00.000,
10406,14119,2,,,2021-12-15 12:14:53.000,2025-07-10 08:04:31.000,4,2022-01-01 00:00:00.000,2025-06-30 00:00:00.000
10033,14119,2,,,2022-01-13 08:56:41.000,2023-07-13 15:13:47.000,2,2022-01-13 00:00:00.000,
10128,14119,2,,,2022-01-13 08:57:17.000,2025-05-12 12:03:52.000,4,2022-01-04 00:00:00.000,2023-06-30 00:00:00.000
10272,14119,2,,,2022-01-13 08:59:16.000,2023-09-18 16:42:36.000,4,2022-01-04 00:00:00.000,2023-06-30 00:00:00.000
10312,14119,2,,,2022-01-13 08:59:48.000,2025-05-12 11:50:23.000,4,2022-01-04 00:00:00.000,2023-06-30 00:00:00.000
10396,14119,2,,,2022-01-13 09:00:19.000,2023-09-18 16:53:25.000,4,2022-01-04 00:00:00.000,2023-06-30 00:00:00.000
10055,14119,2,,,2022-01-13 09:00:43.000,2023-09-18 16:41:53.000,4,2022-01-10 00:00:00.000,2023-06-30 00:00:00.000
10176,10176,2,,,2022-02-14 15:27:42.000,2022-02-14 15:27:42.000,1,2008-07-01 00:00:00.000,
14340,10340,2,,,2022-01-28 10:48:09.000,2023-07-04 15:40:47.000,1,2022-01-28 00:00:00.000,2023-05-31 00:00:00.000
11954,11954,2,,"9299128173",2017-03-14 15:53:00.000,2022-06-17 21:30:56.000,1,2017-03-01 00:00:00.000,
13136,10139,2,,"2178-7705",2017-08-03 09:24:10.000,2021-07-20 16:22:08.000,1,2017-08-01 00:00:00.000,2021-06-30 00:00:00.000
10872,10056,2,,,2017-10-20 13:55:41.000,2017-11-08 13:49:29.000,4,2017-10-23 00:00:00.000,
10105,10056,2,,,2018-01-15 15:11:41.000,2018-01-15 15:11:41.000,4,2018-01-18 00:00:00.000,
10250,10056,2,,,2018-01-15 15:11:56.000,2018-01-15 15:11:56.000,4,2018-01-18 00:00:00.000,
10148,10056,2,,,2018-01-15 15:12:16.000,2025-07-14 10:13:33.000,4,2018-01-18 00:00:00.000,2025-06-30 00:00:00.000
10106,10056,2,,,2018-01-15 15:12:48.000,2018-01-15 15:12:48.000,4,2018-01-18 00:00:00.000,
10033,10056,2,,,2018-01-15 15:13:05.000,2018-01-15 15:13:05.000,4,2018-01-18 00:00:00.000,
10144,10056,2,,,2018-01-15 15:13:22.000,2018-01-15 15:13:22.000,4,2018-01-18 00:00:00.000,
10018,10056,2,,,2018-01-15 15:13:39.000,2018-01-15 15:13:39.000,4,2018-01-18 00:00:00.000,
11693,10056,2,,,2018-01-15 15:14:15.000,2018-01-15 15:14:15.000,4,2018-01-18 00:00:00.000,
13116,10340,2,,"21 2189-1929",2018-05-30 15:46:38.000,2023-07-04 15:40:28.000,1,2018-06-01 00:00:00.000,2023-05-31 00:00:00.000
10108,10139,2,,,2018-09-11 14:17:46.000,2018-09-18 08:07:16.000,4,2018-08-01 00:00:00.000,2018-09-30 00:00:00.000
13217,13217,2,,+55 (15) 3229-8643,2021-02-23 16:01:35.000,2021-02-23 16:01:35.000,1,2021-02-01 00:00:00.000,
10045,10139,2,,,2018-11-14 08:57:26.000,2020-12-16 16:33:15.000,4,2018-11-01 00:00:00.000,2020-10-30 00:00:00.000
10148,13939,2,,,2020-11-18 14:32:37.000,2020-11-18 14:32:37.000,4,2020-11-13 00:00:00.000,
13940,14119,2,,,2022-01-12 15:35:02.000,2023-07-13 15:15:35.000,2,2022-01-17 00:00:00.000,
10271,10126,2,CT-AA SOBRINHO,"2104-5675",2015-08-18 08:37:48.000,2015-08-18 08:37:48.000,1,2015-08-01 00:00:00.000,
10394,10394,2,,(0XX91) 216-4499,2015-10-05 10:40:52.000,2015-10-05 10:40:52.000,1,2015-10-01 00:00:00.000,
10334,10334,2,,,2018-08-23 10:17:56.000,2018-08-23 10:17:56.000,1,2018-09-01 00:00:00.000,
12656,12656,2,,,2016-02-12 13:35:32.000,2016-02-12 13:35:32.000,1,2016-02-01 00:00:00.000,
12727,12727,2,,,2022-04-20 12:01:39.000,2022-04-20 12:01:39.000,1,2022-01-01 00:00:00.000,
10312,10056,2,,,2017-12-11 13:02:12.000,2017-12-11 13:02:12.000,4,2017-12-16 00:00:00.000,
12728,12728,2,,,2022-04-20 12:05:05.000,2022-04-20 12:05:05.000,1,2022-01-01 00:00:00.000,
12703,12703,2,,,2022-04-20 12:06:32.000,2022-04-20 12:06:32.000,1,2022-01-01 00:00:00.000,
12704,12704,2,,,2022-04-20 12:08:28.000,2022-04-20 12:08:28.000,1,2022-01-01 00:00:00.000,
12705,12705,2,,,2022-04-20 12:13:12.000,2022-04-20 12:13:12.000,1,2022-01-01 00:00:00.000,
12683,12683,2,,,2016-02-12 15:22:45.000,2016-02-12 15:22:45.000,1,2016-02-01 00:00:00.000,
10021,10021,2,,(21) 2189-3592,2019-12-17 09:30:52.000,2019-12-17 09:30:52.000,1,2019-12-01 00:00:00.000,
10079,10079,2,,,2016-02-17 14:38:42.000,2016-02-17 14:38:42.000,1,2009-07-01 00:00:00.000,
10009,10009,2,,(0XX71) 3307-3960; 9968-3596 Ramal: 216 Retelma: 8210-3960,2016-08-02 14:05:10.000,2016-08-02 14:05:10.000,1,2016-08-01 00:00:00.000,
10095,10095,2,,(92) 2123-4716,2016-11-07 15:47:14.000,2016-11-07 15:47:14.000,1,2016-10-01 00:00:00.000,
10179,10056,2,,,2017-12-11 13:03:17.000,2017-12-11 13:03:17.000,4,2017-12-16 00:00:00.000,
10389,10056,2,,,2017-12-11 13:03:41.000,2017-12-11 13:03:41.000,4,2017-12-16 00:00:00.000,
10128,10056,2,,,2017-12-11 13:03:56.000,2017-12-11 13:03:56.000,4,2017-12-16 00:00:00.000,
10084,10056,2,,,2017-12-11 13:04:11.000,2017-12-11 13:04:11.000,4,2017-12-16 00:00:00.000,
10089,10056,2,,,2017-12-11 13:04:25.000,2017-12-11 13:04:25.000,4,2017-12-16 00:00:00.000,
13297,10393,2,,"3478-3583",2018-03-13 10:25:34.000,2021-11-10 10:51:55.000,1,2018-02-22 00:00:00.000,2021-09-30 00:00:00.000
10026,10026,2,,"21-21891553",2019-01-23 13:35:33.000,2019-01-23 13:35:33.000,1,2019-02-01 00:00:00.000,
10242,10056,2,,,2017-12-11 13:05:36.000,2017-12-11 13:05:36.000,4,2017-12-16 00:00:00.000,
10396,10056,2,,,2017-12-11 13:06:06.000,2017-12-11 13:06:06.000,4,2017-12-16 00:00:00.000,
10055,10056,2,,,2017-12-11 13:06:29.000,2017-12-11 13:06:29.000,4,2017-12-16 00:00:00.000,
10331,10139,2,,,2019-12-16 11:25:46.000,2019-12-16 11:25:46.000,4,2019-11-01 00:00:00.000,2019-11-30 00:00:00.000
30042,30042,2,,"2189-3621",2019-06-13 13:33:14.000,2019-06-13 13:33:14.000,1,2019-07-01 00:00:00.000,
10091,10139,2,,,2020-09-10 08:51:05.000,2021-07-20 16:33:42.000,4,2020-09-08 00:00:00.000,2021-06-30 00:00:00.000
10156,10139,2,TEN PETERSON,"21786811",2021-02-23 14:27:38.000,2021-05-17 15:26:15.000,4,2021-02-01 00:00:00.000,2021-03-31 00:00:00.000
10280,14059,2,,,2021-08-05 15:42:53.000,2021-08-05 15:42:53.000,1,2021-08-01 00:00:00.000,
13036,10139,2,,,2021-08-12 10:51:27.000,2021-08-13 12:30:19.000,4,2021-07-01 00:00:00.000,2021-08-13 00:00:00.000
13719,13719,2,,,2021-09-01 00:00:00.000,2021-09-01 00:00:00.000,1,2021-09-01 00:00:00.000,
10393,13719,2,,,2021-11-09 14:44:20.000,2021-11-09 14:44:20.000,1,2021-10-01 00:00:00.000,
10250,14119,2,,,2022-01-12 15:02:40.000,2023-09-18 16:53:35.000,4,2022-01-04 00:00:00.000,2023-06-30 00:00:00.000
10137,14119,2,,,2022-01-12 15:01:45.000,2023-11-10 12:09:00.000,4,2022-01-04 00:00:00.000,2023-09-05 00:00:00.000
10303,14119,2,,,2022-01-12 15:02:08.000,2023-07-13 14:55:18.000,2,2022-01-13 00:00:00.000,
10018,14119,2,,,2022-01-12 15:06:26.000,2023-07-13 15:12:03.000,2,2022-01-13 00:00:00.000,
10326,14119,2,,,2022-01-12 15:07:12.000,2022-01-12 15:07:12.000,4,2022-01-13 00:00:00.000,
10317,14119,2,,,2022-01-12 15:07:52.000,2023-09-18 16:55:20.000,4,2022-01-04 00:00:00.000,2023-06-30 00:00:00.000
14339,10340,2,,,2022-01-27 14:55:57.000,2023-07-04 15:40:41.000,1,2022-01-27 00:00:00.000,2023-05-31 00:00:00.000
10347,10309,2,,,2024-07-29 09:46:35.000,2024-07-29 09:46:35.000,1,2024-07-01 00:00:00.000,
13156,13217,2,,,2022-10-10 15:18:01.000,2022-10-10 15:18:01.000,1,2022-10-01 00:00:00.000,
14499,14059,2,,,2023-04-03 13:27:26.000,2023-04-03 13:27:26.000,4,2023-03-01 00:00:00.000,
14479,14479,2,,,2023-04-11 15:53:35.000,2023-04-11 15:53:35.000,1,2023-03-01 00:00:00.000,
10340,13919,2,,,2023-07-04 15:45:24.000,2023-07-04 15:45:24.000,1,2023-06-01 00:00:00.000,
11874,11874,2,,(67) 3234-1289,2025-07-22 10:42:32.000,2025-07-22 10:42:32.000,1,2025-07-01 00:00:00.000,
14619,10032,2,,,2023-07-26 14:55:38.000,2023-07-26 14:55:38.000,1,2023-08-01 00:00:00.000,
13036,10110,2,"3SG Daniela Panice do Nascimento","8811-7345",2024-03-18 17:37:55.000,2024-03-18 17:38:44.000,1,2024-03-01 00:00:00.000,
10175,10309,2,,,2024-07-29 09:46:02.000,2024-07-29 09:46:02.000,1,2024-07-01 00:00:00.000,
10208,10309,2,,,2024-07-29 09:47:25.000,2024-07-29 09:47:25.000,1,2024-07-01 00:00:00.000,
13879,10309,2,,,2024-07-29 09:48:12.000,2024-07-29 09:48:12.000,1,2024-07-01 00:00:00.000,
10214,10309,2,,,2024-07-29 09:49:14.000,2024-07-29 09:49:14.000,1,2024-07-01 00:00:00.000,
10093,10309,2,,,2024-07-29 09:49:30.000,2024-07-29 09:49:30.000,1,2024-07-01 00:00:00.000,
10036,10309,2,,,2024-07-29 09:53:04.000,2024-07-29 09:53:04.000,1,2024-07-01 00:00:00.000,
10363,10309,2,,,2024-07-29 09:53:27.000,2024-07-29 09:53:27.000,1,2024-07-01 00:00:00.000,
10074,10309,2,,,2024-07-29 09:54:07.000,2024-07-29 09:54:07.000,1,2024-07-01 00:00:00.000,
14260,10309,2,,,2024-07-29 09:54:27.000,2024-07-29 09:54:27.000,1,2024-07-01 00:00:00.000,
10243,10309,2,,,2024-07-29 09:54:43.000,2024-07-29 09:54:43.000,1,2024-07-01 00:00:00.000,
14760,14760,2,,"81783015",2024-10-24 09:11:19.000,2024-10-24 09:11:19.000,1,2024-11-01 00:00:00.000,
10246,10246,2,,,2025-06-30 09:59:59.000,2025-06-30 09:59:59.000,1,2025-06-01 00:00:00.000,
10362,10362,2,,(53) 3233-6365,2022-05-19 10:53:33.000,2022-05-19 10:53:33.000,1,2022-06-01 00:00:00.000,
14419,10340,2,,,2022-06-13 13:45:47.000,2023-07-04 15:40:52.000,1,2021-11-22 00:00:00.000,2023-05-31 00:00:00.000
14459,14459,2,,"8814-2004",2024-01-09 09:11:35.000,2024-01-09 09:11:35.000,1,2024-01-01 00:00:00.000,
11051,11051,2,,(21) 2178-6716,2023-11-22 13:57:01.000,2023-11-22 13:57:01.000,1,2023-12-01 00:00:00.000,
13939,10056,2,,,2024-03-25 15:23:33.000,2024-03-25 15:23:33.000,1,2024-03-11 00:00:00.000,
10211,10211,2,,,2023-05-01 00:00:00.000,2023-05-01 00:00:00.000,1,2023-05-01 00:00:00.000,
10044,13919,2,,,2023-07-04 15:59:22.000,2023-07-04 15:59:22.000,4,2023-06-01 00:00:00.000,
10045,13919,2,,,2023-07-04 15:59:55.000,2023-07-04 15:59:55.000,1,2023-06-01 00:00:00.000,
10194,13919,2,,,2023-07-04 16:01:41.000,2023-07-04 16:01:41.000,1,2023-06-01 00:00:00.000,
10267,13919,2,,,2023-07-04 16:02:12.000,2023-07-04 16:02:12.000,4,2023-06-01 00:00:00.000,
10091,13919,2,,,2023-07-04 16:02:42.000,2023-07-04 16:02:42.000,1,2023-06-01 00:00:00.000,
10369,13919,2,,,2023-07-04 16:03:03.000,2023-07-04 16:03:03.000,1,2023-06-01 00:00:00.000,
10224,13919,2,,,2023-07-04 16:03:30.000,2023-07-04 16:03:30.000,1,2023-06-01 00:00:00.000,
10234,10234,2,,(21) 2189-1492,2025-02-24 13:15:15.000,2025-02-24 13:15:15.000,1,2025-03-01 00:00:00.000,
10349,10349,2,,"67 3234 1282",2024-07-04 10:14:04.000,2024-07-04 10:14:04.000,1,2024-07-01 00:00:00.000,
10258,10246,2,,,2025-07-01 10:27:06.000,2025-07-01 10:27:06.000,1,2025-06-01 00:00:00.000,
10161,10246,2,,,2025-07-01 10:28:08.000,2025-07-01 10:28:08.000,1,2025-06-01 00:00:00.000,
10409,10246,2,,,2025-07-01 10:28:37.000,2025-07-01 10:28:37.000,1,2025-06-01 00:00:00.000,
11994,10246,2,,,2025-07-01 10:29:14.000,2025-07-01 10:29:14.000,1,2025-06-01 00:00:00.000,
14320,10246,2,,,2025-07-01 10:30:01.000,2025-07-01 10:30:01.000,1,2025-06-01 00:00:00.000,
30040,10246,2,,,2025-07-01 10:31:14.000,2025-07-01 10:31:14.000,1,2025-06-01 00:00:00.000,
10352,10352,2,,(092) 2123-4731; Retelma: 8710-4731,2025-08-29 13:06:24.000,2025-08-29 13:06:24.000,1,2025-09-01 00:00:00.000,
10501,10501,2,,,2022-05-01 00:00:00.000,2022-05-01 00:00:00.000,2,2022-05-01 00:00:00.000,
10204,14119,2,,,2022-10-03 09:05:59.000,2025-05-12 12:02:55.000,4,2022-09-01 00:00:00.000,2023-06-30 00:00:00.000
10138,10309,2,,,2024-07-19 13:54:53.000,2024-07-19 13:54:53.000,1,2024-07-01 00:00:00.000,
10140,14119,2,,,2023-07-04 11:40:18.000,2023-07-04 11:41:25.000,1,2023-06-01 00:00:00.000,
10247,13919,2,,,2023-07-04 15:49:03.000,2023-07-04 15:49:03.000,1,2023-06-01 00:00:00.000,
10309,10309,2,,,2024-07-19 13:54:56.000,2024-07-19 13:54:56.000,1,2024-07-01 00:00:00.000,
10502,10502,2,,,2024-10-01 09:14:13.000,2024-10-01 09:14:13.000,1,2024-09-01 00:00:00.000,
11392,10253,2,,"8411-4407",2024-09-17 09:11:00.000,2024-09-17 09:11:00.000,1,2024-10-01 00:00:00.000,
14799,14059,2,,,2025-03-18 10:50:47.000,2025-03-18 10:50:47.000,1,2025-03-01 00:00:00.000,
13136,14059,2,,,2024-03-26 16:40:28.000,2024-03-26 16:40:28.000,1,2024-03-01 00:00:00.000,
14719,13919,2,,,2024-09-17 14:27:26.000,2024-09-17 14:27:26.000,1,2024-10-01 00:00:00.000,
10343,10343,2,,"(0XX92) 616-1226, 9146-9452, 9601-3791 Retelma: 8710-1226",2024-09-26 12:14:19.000,2024-09-26 12:14:19.000,1,2024-09-01 00:00:00.000,
10135,10135,2,,,2025-07-08 10:43:33.000,2025-07-08 10:43:33.000,1,2025-07-01 00:00:00.000,
10230,14119,2,,,2022-05-03 18:49:58.000,2023-08-18 14:28:47.000,1,2022-05-01 00:00:00.000,2023-06-30 00:00:00.000
10253,10253,2,,,2022-05-01 00:00:00.000,2022-05-25 10:38:27.000,1,2022-05-01 00:00:00.000,
10311,10253,2,,,2022-05-25 10:30:47.000,2022-05-25 10:30:47.000,1,2022-05-01 00:00:00.000,
10023,10253,2,,,2022-05-25 10:32:31.000,2022-05-25 10:32:31.000,1,2022-05-01 00:00:00.000,
10330,10253,2,,,2022-05-25 10:33:22.000,2022-05-25 10:33:22.000,1,2022-05-01 00:00:00.000,
14279,10253,2,,,2022-05-25 10:34:47.000,2022-05-25 10:34:47.000,1,2022-05-01 00:00:00.000,
10167,10253,2,,,2022-05-25 10:36:21.000,2022-05-25 10:36:21.000,1,2022-05-01 00:00:00.000,
10025,10253,2,,,2022-05-25 10:37:13.000,2022-05-25 10:37:13.000,1,2022-05-01 00:00:00.000,
13859,10253,2,,,2022-05-25 10:39:57.000,2022-05-25 10:39:57.000,1,2022-05-01 00:00:00.000,
10030,10030,2,,(0XX67) 234-1055,2024-07-31 10:48:56.000,2024-07-31 10:48:56.000,1,2024-09-01 00:00:00.000,
10402,14119,2,,,2023-07-13 14:51:10.000,2023-11-09 12:39:53.000,2,2023-07-01 00:00:00.000,2023-09-30 00:00:00.000
10219,10219,2,,"(0XX92) 2123-4720,  Retelma: 8710-1233, 8710-2277",2022-10-20 15:06:20.000,2022-10-20 15:06:20.000,1,2022-11-01 00:00:00.000,
13438,13438,2,,,2022-12-21 09:53:53.000,2022-12-21 09:53:53.000,1,2023-01-01 00:00:00.000,
10108,10230,2,,,2024-04-25 13:36:14.000,2024-04-25 13:36:14.000,1,2024-04-25 00:00:00.000,2024-04-26 00:00:00.000
10266,14119,2,,,2024-05-24 13:59:11.000,2024-08-06 08:25:41.000,4,2024-06-01 00:00:00.000,2024-06-30 00:00:00.000
14819,14119,2,,,2025-04-01 14:25:13.000,2025-04-01 14:25:13.000,1,2025-04-01 00:00:00.000,
13297,10141,2,,,2025-06-27 10:12:23.000,2025-06-27 10:12:23.000,4,2025-06-01 00:00:00.000,
13297,13719,2,,,2025-06-27 10:17:59.000,2025-06-27 10:17:59.000,4,2025-06-01 00:00:00.000,
10108,10108,2,,(0 XX 21) 3849-6545 Retelma: 8126-6545,2025-08-07 10:37:28.000,2025-08-07 10:37:28.000,1,2025-08-01 00:00:00.000,
10143,10143,2,,(67)3234-1058,2024-09-17 09:58:55.000,2024-09-17 09:58:55.000,1,2024-09-01 00:00:00.000,
10238,14119,2,,,2022-11-08 14:32:41.000,2023-03-02 16:40:54.000,4,2022-01-01 00:00:00.000,2023-02-03 00:00:00.000
10120,10120,2,,,2002-01-01 00:00:00.000,2002-01-01 00:00:00.000,1,2004-01-01 00:00:00.000,
14339,13919,2,,,2023-07-04 16:04:56.000,2023-07-04 16:04:56.000,1,2023-06-01 00:00:00.000,
11252,11252,2,,(84) 32163404,2023-05-03 15:23:09.000,2023-05-03 15:23:09.000,1,2023-05-01 00:00:00.000,
13116,13919,2,,,2023-07-04 16:04:34.000,2023-07-04 16:04:34.000,1,2023-06-01 00:00:00.000,
14340,13919,2,,,2023-07-04 16:05:13.000,2023-07-04 16:05:13.000,1,2023-06-01 00:00:00.000,
14419,13919,2,,,2023-07-04 16:05:37.000,2023-07-04 16:05:37.000,1,2023-06-01 00:00:00.000,
11151,11151,2,,"2178-6625",2023-07-24 15:45:07.000,2023-07-24 15:45:07.000,1,2023-08-01 00:00:00.000,
10204,10056,2,,,2023-07-19 09:21:29.000,2025-02-07 07:30:00.000,1,2023-06-12 00:00:00.000,2024-12-31 00:00:00.000
10117,10167,2,,,2023-07-19 13:35:52.000,2023-07-19 14:14:38.000,1,2023-07-01 00:00:00.000,2023-07-31 00:00:00.000
11191,11191,2,,(21) 2189-1314,2024-07-15 16:08:12.000,2024-07-15 16:08:12.000,1,2024-08-01 00:00:00.000,
13498,13498,2,,"81107444",2023-09-19 08:52:02.000,2023-09-19 08:52:02.000,1,2023-10-01 00:00:00.000,
10225,14119,2,,,2024-06-18 15:28:03.000,2025-09-03 13:16:44.000,4,2024-06-01 00:00:00.000,2025-07-30 00:00:00.000
10252,10252,2,,(91) 3216-4564,2024-07-22 10:07:18.000,2024-07-22 10:07:18.000,1,2024-07-01 00:00:00.000,
10153,10153,2,,"(67) 3234-1278, (67) 9981-8026 Retelma: 8610-1278/ 8610-3047",2024-09-03 16:33:41.000,2024-09-03 16:33:41.000,1,2024-09-01 00:00:00.000,
10262,10262,2,,,2024-12-03 10:55:50.000,2024-12-03 10:55:50.000,1,2024-12-01 00:00:00.000,
10148,14119,2,,,2025-05-23 12:07:36.000,2025-05-23 12:07:36.000,1,2025-06-01 00:00:00.000,
13578,13578,2,,(91) 3216-4542,2025-06-23 10:10:27.000,2025-06-23 10:10:27.000,1,2025-06-01 00:00:00.000,
11733,11733,2,,(67) 3234-1189,2025-07-02 09:52:49.000,2025-07-02 09:52:49.000,1,2025-06-01 00:00:00.000,
10225,14119,2,,,2022-06-21 15:30:46.000,2025-07-03 13:15:48.000,4,2022-06-01 00:00:00.000,2025-08-01 00:00:00.000
10256,10256,2,,"(0XX92) 2123-4718 Ramal: 217 Retelma: 8710-1281, 8710-2281",2022-09-28 14:48:46.000,2022-09-28 14:48:46.000,1,2022-10-01 00:00:00.000,
13156,10110,2,,(11) 3914-7931,2022-10-10 15:14:43.000,2022-10-10 15:14:43.000,1,2022-10-01 00:00:00.000,
10134,10134,2,,"92-21234732",2023-10-17 15:04:43.000,2023-10-17 15:04:43.000,1,2023-09-01 00:00:00.000,
10403,10403,2,,"2189-3058",2025-07-03 10:54:56.000,2025-07-03 10:54:56.000,1,2025-07-01 00:00:00.000,
14519,10125,2,,,2023-06-14 10:55:14.000,2023-06-14 10:55:14.000,1,2023-06-01 00:00:00.000,
14599,13919,2,,"2189-1206",2023-07-06 11:09:45.000,2023-07-06 11:09:45.000,1,2023-06-01 00:00:00.000,
14119,10052,2,Marcelino,"971735740",2023-11-07 10:48:46.000,2024-08-23 09:34:21.000,1,2023-10-01 00:00:00.000,2024-07-27 00:00:00.000
10207,10207,2,,(0XX67) 3234-1283 Retelma: 8610-1283,2023-12-05 09:39:24.000,2023-12-05 09:39:24.000,1,2023-12-01 00:00:00.000,
10102,13277,2,SALA DE ESTADO,"2197-7483",2024-03-28 14:51:34.000,2024-03-28 14:51:34.000,4,2024-03-01 00:00:00.000,
10125,13919,2,,,2024-04-25 11:14:10.000,2024-04-25 11:14:10.000,1,2024-04-01 00:00:00.000,
14519,13919,2,,,2024-04-25 11:16:33.000,2024-04-25 11:16:33.000,1,2024-04-01 00:00:00.000,
10293,13919,2,,,2024-04-25 11:16:45.000,2024-04-25 11:16:45.000,1,2024-04-01 00:00:00.000,
10280,13919,2,,,2024-04-25 11:17:03.000,2024-04-25 11:17:03.000,1,2024-04-01 00:00:00.000,
10222,13919,2,,,2024-04-25 11:17:16.000,2024-04-25 11:17:16.000,1,2024-04-01 00:00:00.000,
14659,14659,2,,,2024-03-26 13:29:16.000,2024-03-26 13:29:16.000,1,2024-03-01 00:00:00.000,
10711,10711,2,,"092 2123-4607",2023-10-02 13:59:26.000,2023-10-02 13:59:26.000,1,2023-10-01 00:00:00.000,
10408,10408,2,,,2024-10-24 09:39:55.000,2024-10-24 09:39:55.000,1,2024-10-01 00:00:00.000,
10187,14659,2,,,2024-03-26 13:29:16.000,2024-03-26 13:29:16.000,1,2024-03-01 00:00:00.000,
10266,10266,2,,(21) 2189-3142,2024-06-25 09:30:01.000,2024-06-25 09:30:01.000,1,2024-06-01 00:00:00.000,
10397,10397,2,,,2024-09-17 09:30:04.000,2024-09-17 09:30:04.000,1,2024-09-01 00:00:00.000,
14459,14119,2,,,2023-02-23 13:45:10.000,2023-08-18 14:29:53.000,4,2023-02-01 00:00:00.000,2023-06-30 00:00:00.000
14479,14059,2,,,2023-03-16 09:53:20.000,2023-03-16 09:53:20.000,1,2023-03-01 00:00:00.000,
14499,10110,2,,,2023-04-03 13:32:34.000,2023-04-03 13:32:34.000,4,2023-03-01 00:00:00.000,
10224,10230,2,,,2023-04-27 11:21:15.000,2023-04-27 11:21:15.000,1,2023-04-28 00:00:00.000,2023-04-30 00:00:00.000
10280,10125,2,SO-AM EDUARDO,"8488853471",2023-04-28 12:58:26.000,2023-04-28 12:58:26.000,1,2023-04-01 00:00:00.000,
10154,10211,2,,,2023-05-25 13:19:05.000,2023-05-25 13:19:05.000,1,2023-05-01 00:00:00.000,
10031,10211,2,,,2023-05-25 13:19:30.000,2023-05-25 13:19:30.000,1,2023-05-01 00:00:00.000,
10164,10211,2,,,2023-05-25 13:19:51.000,2023-05-25 13:19:51.000,1,2023-05-01 00:00:00.000,
10365,10211,2,,,2023-05-25 13:20:23.000,2023-05-25 13:20:23.000,1,2023-05-01 00:00:00.000,
10405,10211,2,,,2023-05-25 13:20:53.000,2023-05-25 13:20:53.000,1,2023-05-01 00:00:00.000,
10218,14119,2,,,2023-07-10 10:52:57.000,2023-07-10 10:52:57.000,1,2023-06-01 00:00:00.000,
10504,14119,2,,,2023-09-25 11:44:56.000,2025-05-12 11:41:32.000,1,2023-10-01 00:00:00.000,2024-04-30 00:00:00.000
10218,14659,2,,,2024-03-26 13:29:16.000,2024-03-26 13:29:16.000,1,2024-03-01 00:00:00.000,
10290,14659,2,,,2024-03-26 13:29:16.000,2024-03-26 13:29:16.000,1,2024-03-01 00:00:00.000,
10501,14659,2,,,2024-03-26 13:29:16.000,2024-03-26 13:29:16.000,1,2024-03-01 00:00:00.000,
10028,14659,2,,,2024-03-26 13:29:16.000,2024-03-26 13:29:16.000,4,2024-03-01 00:00:00.000,
11433,14659,2,,,2024-03-26 13:29:16.000,2024-03-26 13:29:16.000,1,2024-03-01 00:00:00.000,
10385,14659,2,,,2024-03-26 13:29:16.000,2024-03-26 13:29:16.000,1,2024-03-01 00:00:00.000,
10118,14659,2,,,2024-03-26 13:29:16.000,2024-03-26 13:29:16.000,4,2024-03-01 00:00:00.000,
10215,14659,2,,,2024-03-26 13:29:16.000,2024-03-26 13:29:16.000,1,2024-03-01 00:00:00.000,
10306,14659,2,,,2024-03-26 13:29:16.000,2024-03-26 13:29:16.000,1,2024-03-01 00:00:00.000,
11132,10253,2,,(91) 3216-4411,2024-09-17 13:19:01.000,2024-09-17 13:19:01.000,1,2024-10-01 00:00:00.000,
10409,10329,2,,,2025-04-01 15:15:04.000,2025-06-24 10:25:28.000,1,2025-04-01 00:00:00.000,2025-05-31 00:00:00.000
10302,10253,2,xxxxxx,xxxxxx,2022-07-08 13:07:25.000,2022-07-08 13:07:25.000,1,2022-06-01 00:00:00.000,
10139,10052,2,,,2022-08-08 14:02:12.000,2024-08-23 09:35:56.000,1,2022-08-01 00:00:00.000,2023-09-30 00:00:00.000
10170,10210,2,CT IM SASSONE,"6298",2022-09-13 14:11:06.000,2022-09-13 14:11:06.000,1,2022-09-01 00:00:00.000,
13298,10110,2,,"(11) 3817-7343, (11) 3914-7800 e (11) 3914-7801",2022-10-21 13:56:11.000,2022-10-21 13:56:11.000,1,2022-09-01 00:00:00.000,
14439,10110,2,,(11) 3817-7128,2022-10-21 14:22:57.000,2022-10-21 14:22:57.000,1,2022-09-01 00:00:00.000,
13919,13919,2,,,2023-06-01 00:00:00.000,2023-06-01 00:00:00.000,1,2023-06-01 00:00:00.000,
10176,10056,2,,,2023-07-19 08:37:34.000,2025-02-07 07:31:29.000,1,2023-06-12 00:00:00.000,2024-12-31 00:00:00.000
10335,10335,2,,(21) 2189-1552,2023-11-16 10:28:19.000,2023-11-16 10:28:19.000,1,2023-11-01 00:00:00.000,
10192,10192,2,,(53) 3233-6346/3233-6348,2024-11-28 10:14:05.000,2024-11-28 10:14:05.000,1,2024-12-01 00:00:00.000,
14079,14119,2,,,2024-08-26 14:49:24.000,2025-07-10 07:57:07.000,1,2024-08-27 00:00:00.000,2025-06-30 00:00:00.000
10286,10286,2,,(67)8610-1281,2025-06-23 14:47:37.000,2025-06-23 14:47:37.000,1,2025-06-01 00:00:00.000,
10231,10231,2,,(67)3234-1284,2024-09-24 08:50:16.000,2024-09-24 08:50:16.000,1,2024-09-01 00:00:00.000,
10339,10339,2,,(0XX92) 2123-4730 Retelma: 8710-4730,2024-09-24 09:04:15.000,2024-09-24 09:04:15.000,1,2024-09-01 00:00:00.000,
10329,10246,2,,,2025-07-01 10:16:07.000,2025-07-01 10:16:07.000,1,2025-06-01 00:00:00.000,
